puesto,fecha,tasa_interbancaria,tasa_referencia,desvio_pp,dato_imputado,metodo_imputacion_interbancaria,metodo_imputacion_referencia
1,2016-11-16,2.25,4.25,-2.0,False,,
2,2015-08-21,5.07,3.25,1.82,False,,
3,2015-09-03,4.75,3.25,1.5,False,,
4,2016-11-17,2.92,4.25,-1.33,True,interpolacion_lineal,interpolacion_lineal
5,2015-09-04,4.5,3.25,1.25,False,,
6,2016-03-01,5.5,4.25,1.25,False,,
7,2016-03-02,5.5,4.25,1.25,False,,
8,2016-03-28,5.5,4.25,1.25,False,,
9,2016-03-25,5.496666666666667,4.25,1.246667,True,interpolacion_lineal,
10,2016-03-24,5.493333333333333,4.25,1.243333,True,interpolacion_lineal,
