periodo,n_dias,desvio_medio_pp,desvio_absoluto_medio_pp,desv_estandar_pp,desvio_min_pp,desvio_max_pp,pct_dias_sobre_referencia,pct_dias_igual_referencia,pct_dias_bajo_referencia
2015,261,0.14425287356321842,0.15796934865900383,0.27455767718207874,-0.35,1.82,49.42528735632184,42.911877394636015,7.662835249042145
2016,261,0.12940613026819922,0.1728544061302682,0.35446377979209437,-2.0,1.25,36.7816091954023,58.23754789272031,4.980842911877394
2017,260,-0.002461538461538461,0.010653846153846154,0.036801098005936325,-0.29,0.1,14.23076923076923,78.07692307692308,7.6923076923076925
2018,261,0.0020306513409961684,0.00839080459770115,0.028397468084948373,-0.25,0.15,19.54022988505747,75.86206896551724,4.597701149425287
2019,261,0.0034865900383141764,0.0036398467432950193,0.03212518800095448,-0.01,0.51,12.260536398467432,86.97318007662835,0.7662835249042145
2020,262,-0.009885496183206107,0.011374045801526718,0.028725735898759368,-0.21,0.11,1.9083969465648856,74.80916030534351,23.282442748091604
2021,261,0.0,0.0,0.0,0.0,0.0,0.0,100.0,0.0
2022,260,0.018249999999999995,0.04436538461538462,0.11902877860955247,-0.91,0.5,25.769230769230766,66.53846153846153,7.6923076923076925
2023,260,0.0006153846153846152,0.007615384615384615,0.031074796952562787,-0.28,0.17,8.076923076923077,85.76923076923076,6.153846153846154
2024,262,-0.00702290076335878,0.007175572519083971,0.048802827260738244,-0.71,0.02,0.38167938931297707,92.74809160305344,6.870229007633588
2025,261,-0.0017049808429118775,0.004080459770114942,0.03001706460337982,-0.4,0.13,2.2988505747126435,94.25287356321839,3.4482758620689653
2015-2025,2870,0.025175958188153304,0.03891811846689896,0.1519032464335882,-2.0,1.82,15.505226480836237,77.8397212543554,6.655052264808363
