fecha_bcrp,cuentas_corrientes_bancos_bcrp_saldo_exo
01.Ene.15,n.d.
02.Ene.15,n.d.
05.Ene.15,5916.66323693
06.Ene.15,5519.08204218
07.Ene.15,5292.64033008
08.Ene.15,5383.92222242
09.Ene.15,4794.42160785
12.Ene.15,4889.19091761
13.Ene.15,4622.9352571
14.Ene.15,3731.07393342
15.Ene.15,3592.20123977
16.Ene.15,2312.40312854
19.Ene.15,2570.11333766
20.Ene.15,2051.37337952
21.Ene.15,2263.21460813
22.Ene.15,1888.07639802
23.Ene.15,1094.05094486
26.Ene.15,1125.77950632
27.Ene.15,1681.49274646
28.Ene.15,1426.26437915
29.Ene.15,1652.28159031
30.Ene.15,1921.52128199
02.Feb.15,4577.9131268
03.Feb.15,3981.69945182
04.Feb.15,3748.61329594
05.Feb.15,4030.87145291
06.Feb.15,3890.76375573
09.Feb.15,2932.15848327
10.Feb.15,2113.07052375
11.Feb.15,1952.23011277
12.Feb.15,2865.60026229
13.Feb.15,2264.80917952
16.Feb.15,1537.49343019
17.Feb.15,2008.11584493
18.Feb.15,1987.89063436
19.Feb.15,2231.66904975
20.Feb.15,2156.87701607
23.Feb.15,2013.87115073
24.Feb.15,2088.95088139
25.Feb.15,1668.69899038
26.Feb.15,1588.19427119
27.Feb.15,1185.08303201
02.Mar.15,4230.66798303
03.Mar.15,4402.60755928
04.Mar.15,3826.04988569
05.Mar.15,2963.37480625
06.Mar.15,3390.4679547
09.Mar.15,2964.7052279
10.Mar.15,2787.12536982
11.Mar.15,2728.32444109
12.Mar.15,2065.69282414
13.Mar.15,2748.46014471
16.Mar.15,2588.47719796
17.Mar.15,2885.11913459
18.Mar.15,2423.12046915
19.Mar.15,2130.98090109
20.Mar.15,1998.82584109
23.Mar.15,1421.9146365
24.Mar.15,1032.96955329
25.Mar.15,1601.26949791
26.Mar.15,1174.15020835
27.Mar.15,632.86370306
30.Mar.15,1112.31384221
31.Mar.15,1593.14754233
01.Abr.15,3970.55601917
02.Abr.15,n.d.
03.Abr.15,n.d.
06.Abr.15,3568.91449933
07.Abr.15,2412.90146314
08.Abr.15,2431.37776536
09.Abr.15,2084.78343784
10.Abr.15,2200.48157167
13.Abr.15,1730.71976994
14.Abr.15,2102.01770965
15.Abr.15,1017.14656018
16.Abr.15,1273.07535649
17.Abr.15,1281.72656436
20.Abr.15,1389.52905296
21.Abr.15,1240.54529245
22.Abr.15,1005.1477783
23.Abr.15,997.25755247
24.Abr.15,830.29727379
27.Abr.15,942.64146341
28.Abr.15,1020.6646321
29.Abr.15,736.07127014
30.Abr.15,2011.65713375
01.May.15,n.d.
04.May.15,3374.6101341
05.May.15,3244.91152588
06.May.15,4060.36789657
07.May.15,3044.23211191
08.May.15,2841.72384787
11.May.15,1966.03756028
12.May.15,1414.71050168
13.May.15,1700.42747448
14.May.15,1856.51218235
15.May.15,2650.76211938
18.May.15,1781.070417
19.May.15,996.70295584
20.May.15,873.48556018
21.May.15,707.59655921
22.May.15,1019.36768961
25.May.15,834.12693346
26.May.15,697.37062885
27.May.15,1783.61300061
28.May.15,979.53704003
29.May.15,1230.30148627
01.Jun.15,4639.22445794
02.Jun.15,4854.07506085
03.Jun.15,5011.20134651
04.Jun.15,4474.14750412
05.Jun.15,3065.05671897
08.Jun.15,2455.25861157
09.Jun.15,2673.7928168
10.Jun.15,3072.8780457
11.Jun.15,1907.04746489
12.Jun.15,2116.47685733
15.Jun.15,1942.74362816
16.Jun.15,1495.28409124
17.Jun.15,1750.56670195
18.Jun.15,1282.8953231
19.Jun.15,639.28649227
22.Jun.15,614.16170982
23.Jun.15,889.69404014
24.Jun.15,1013.39932437
25.Jun.15,1078.68621368
26.Jun.15,1014.71267942
29.Jun.15,n.d.
30.Jun.15,1002.64219273
01.Jul.15,2868.50863533
02.Jul.15,3380.6068135
03.Jul.15,3433.224167
06.Jul.15,2626.67716667
07.Jul.15,1904.14567712
08.Jul.15,2392.27511836
09.Jul.15,2123.22177595
10.Jul.15,1751.93024129
13.Jul.15,1446.20040616
14.Jul.15,1693.38677729
15.Jul.15,1157.75420404
16.Jul.15,1391.35520348
17.Jul.15,1061.34182392
20.Jul.15,1190.52482001
21.Jul.15,1177.2352355
22.Jul.15,1096.36380195
23.Jul.15,951.46048899
24.Jul.15,729.85667115
27.Jul.15,n.d.
28.Jul.15,n.d.
29.Jul.15,n.d.
30.Jul.15,542.47502753
31.Jul.15,2290.89996812
03.Ago.15,3136.41695205
04.Ago.15,3558.97985931
05.Ago.15,2540.57868981
06.Ago.15,2388.0762867
07.Ago.15,2229.87756952
10.Ago.15,2963.69933771
11.Ago.15,3240.14671724
12.Ago.15,2469.20667444
13.Ago.15,2012.38641058
14.Ago.15,1591.54815794
17.Ago.15,900.99406401
18.Ago.15,757.16797375
19.Ago.15,750.87871716
20.Ago.15,818.06625324
21.Ago.15,810.08268002
24.Ago.15,931.88665343
25.Ago.15,628.27121341
26.Ago.15,465.45848504
27.Ago.15,583.51532906
28.Ago.15,765.8739617
31.Ago.15,806.27322501
01.Set.15,3909.20665221
02.Set.15,4578.90005926
03.Set.15,4868.00333434
04.Set.15,4675.90258585
07.Set.15,4795.74671002
08.Set.15,3181.4353802
09.Set.15,2465.27608531
10.Set.15,1553.81385572
11.Set.15,1091.51072379
14.Set.15,1047.54485692
15.Set.15,1251.16724723
16.Set.15,1059.20256927
17.Set.15,946.24556444
18.Set.15,771.04453259
21.Set.15,939.35614693
22.Set.15,1112.3029686
23.Set.15,1092.10709585
24.Set.15,958.35706027
25.Set.15,929.16593353
28.Set.15,801.61239884
29.Set.15,714.77607007
30.Set.15,951.90361142
01.Oct.15,3513.987029
02.Oct.15,3932.98149425
05.Oct.15,2748.05349254
06.Oct.15,3180.71883191
07.Oct.15,2265.49500275
08.Oct.15,n.d.
09.Oct.15,n.d.
12.Oct.15,1318.80657361
13.Oct.15,1427.38023622
14.Oct.15,1196.206967
15.Oct.15,1320.08987376
16.Oct.15,1124.73575947
19.Oct.15,1182.43038359
20.Oct.15,959.38178061
21.Oct.15,888.6116624
22.Oct.15,1202.54470152
23.Oct.15,692.31160639
26.Oct.15,599.71843905
27.Oct.15,541.07445905
28.Oct.15,545.6337256
29.Oct.15,644.97330312
30.Oct.15,690.75425611
02.Nov.15,3707.7405977
03.Nov.15,4136.24765062
04.Nov.15,3839.48309728
05.Nov.15,4379.69136823
06.Nov.15,2223.45773691
09.Nov.15,2406.90238576
10.Nov.15,2244.47124202
11.Nov.15,2104.13627541
12.Nov.15,2000.8021248
13.Nov.15,1519.82864875
16.Nov.15,963.37934581
17.Nov.15,749.59178071
18.Nov.15,894.16271708
19.Nov.15,936.71220197
20.Nov.15,1063.22622845
23.Nov.15,535.6214011
24.Nov.15,567.04237052
25.Nov.15,759.46780264
26.Nov.15,702.19049342
27.Nov.15,571.05895872
30.Nov.15,1063.52441531
01.Dic.15,3352.85401072
02.Dic.15,3863.83546532
03.Dic.15,4445.40624193
04.Dic.15,3713.66673604
07.Dic.15,2242.4675813
08.Dic.15,n.d.
09.Dic.15,2379.19992208
10.Dic.15,2205.51987705
11.Dic.15,1418.83217629
14.Dic.15,1304.08995613
15.Dic.15,1205.29922951
16.Dic.15,1138.03436098
17.Dic.15,1218.45548708
18.Dic.15,1065.96582387
21.Dic.15,1459.2537321
22.Dic.15,916.17323439
23.Dic.15,729.27582481
24.Dic.15,711.01699539
25.Dic.15,n.d.
28.Dic.15,619.39683602
29.Dic.15,900.49280821
30.Dic.15,763.49312327
31.Dic.15,1402.13165213
01.Ene.16,n.d.
04.Ene.16,3412.13000218
05.Ene.16,4597.99327521
06.Ene.16,4916.20375696
07.Ene.16,4009.71247952
08.Ene.16,3349.5388858
11.Ene.16,2397.80980873
12.Ene.16,1802.93998368
13.Ene.16,1385.71680833
14.Ene.16,1823.56526
15.Ene.16,1715.84809714
18.Ene.16,1092.66388453
19.Ene.16,815.83069616
20.Ene.16,712.93112715
21.Ene.16,775.07701592
22.Ene.16,1879.73837458
25.Ene.16,670.35750988
26.Ene.16,632.77883754
27.Ene.16,920.89546296
28.Ene.16,724.72755225
29.Ene.16,585.85921526
01.Feb.16,3083.27070374
02.Feb.16,2921.71883124
03.Feb.16,3160.54686729
04.Feb.16,3356.35699931
05.Feb.16,2406.45372489
08.Feb.16,2337.43192938
09.Feb.16,1979.31291689
10.Feb.16,2372.08687322
11.Feb.16,2883.32221642
12.Feb.16,1608.41237647
15.Feb.16,1442.05247473
16.Feb.16,1226.5998644
17.Feb.16,1225.08301134
18.Feb.16,999.66569072
19.Feb.16,760.0182485
22.Feb.16,836.64081772
23.Feb.16,714.62620028
24.Feb.16,1150.6574554
25.Feb.16,940.51716739
26.Feb.16,639.45486758
29.Feb.16,601.23875505
01.Mar.16,3120.69680896
02.Mar.16,3825.95113679
03.Mar.16,4295.76125658
04.Mar.16,3481.76914007
07.Mar.16,3719.70239253
08.Mar.16,2498.84916813
09.Mar.16,2400.7982398
10.Mar.16,2698.00538533
11.Mar.16,2261.61774271
14.Mar.16,2049.5997025
15.Mar.16,1686.63511874
16.Mar.16,1448.37213376
17.Mar.16,1187.39765551
18.Mar.16,827.17716664
21.Mar.16,1093.75721233
22.Mar.16,1116.14188936
23.Mar.16,1063.51879805
24.Mar.16,n.d.
25.Mar.16,n.d.
28.Mar.16,933.99160242
29.Mar.16,523.59976713
30.Mar.16,576.47611255
31.Mar.16,553.75135466
01.Abr.16,1555.91455165
04.Abr.16,3419.76989039
05.Abr.16,3783.83032745
06.Abr.16,3520.83172271
07.Abr.16,3699.02855284
08.Abr.16,3204.97933182
11.Abr.16,2951.67033073
12.Abr.16,2843.97178426
13.Abr.16,2934.15959037
14.Abr.16,2856.90508971
15.Abr.16,1848.94305528
18.Abr.16,1292.78450489
19.Abr.16,978.19752327
20.Abr.16,844.69075549
21.Abr.16,1070.3367521
22.Abr.16,1109.70460897
25.Abr.16,776.62066826
26.Abr.16,770.82357167
27.Abr.16,488.19053541
28.Abr.16,1690.717024
29.Abr.16,1279.99013455
02.May.16,3063.54738383
03.May.16,2732.0965895
04.May.16,2817.74937426
05.May.16,3560.69043073
06.May.16,3351.14454685
09.May.16,3239.11765144
10.May.16,2592.27470441
11.May.16,2597.54780182
12.May.16,2821.93090488
13.May.16,3067.22693335
16.May.16,2403.57997119
17.May.16,2531.7740565
18.May.16,1836.77407471
19.May.16,1020.01404621
20.May.16,1205.20660082
23.May.16,809.21121164
24.May.16,828.22396482
25.May.16,763.55959661
26.May.16,664.14525722
27.May.16,624.85906181
30.May.16,581.63005254
31.May.16,829.62864891
01.Jun.16,2624.49093725
02.Jun.16,3500.20939313
03.Jun.16,3583.84274642
06.Jun.16,3793.99236592
07.Jun.16,3671.77413888
08.Jun.16,3059.41714547
09.Jun.16,3483.13693306
10.Jun.16,2648.23872881
13.Jun.16,2342.72395144
14.Jun.16,2272.79704898
15.Jun.16,1801.66774974
16.Jun.16,1740.56133335
17.Jun.16,1195.68649172
20.Jun.16,1149.38565608
21.Jun.16,1012.40719961
22.Jun.16,1212.51566242
23.Jun.16,756.74190855
24.Jun.16,566.22973264
27.Jun.16,455.82127797
28.Jun.16,704.74352585
29.Jun.16,n.d.
30.Jun.16,653.34437816
01.Jul.16,3774.62289178
04.Jul.16,4100.32650817
05.Jul.16,4077.47583837
06.Jul.16,5191.95734724
07.Jul.16,3710.51774824
08.Jul.16,3243.23635061
11.Jul.16,2798.57205759
12.Jul.16,2299.65020781
13.Jul.16,2030.49937541
14.Jul.16,2079.36256966
15.Jul.16,1448.12176974
18.Jul.16,1518.77901841
19.Jul.16,1038.5370342
20.Jul.16,1065.99803192
21.Jul.16,1067.51406735
22.Jul.16,777.98776941
25.Jul.16,733.71331203
26.Jul.16,1158.62951121
27.Jul.16,826.52826563
28.Jul.16,n.d.
29.Jul.16,n.d.
01.Ago.16,4089.38904353
02.Ago.16,4336.13935153
03.Ago.16,4590.87669792
04.Ago.16,3542.9953883
05.Ago.16,3162.23161896
08.Ago.16,3442.99457794
09.Ago.16,3693.30395622
10.Ago.16,2840.51694002
11.Ago.16,3493.66002351
12.Ago.16,2570.36954753
15.Ago.16,2676.63235342
16.Ago.16,1967.28205043
17.Ago.16,1697.79716924
18.Ago.16,1569.7660906
19.Ago.16,1306.49416867
22.Ago.16,1095.46752063
23.Ago.16,967.23359646
24.Ago.16,987.55697562
25.Ago.16,958.68164839
26.Ago.16,863.25082752
29.Ago.16,490.14140152
30.Ago.16,n.d.
31.Ago.16,511.61815059
01.Set.16,3981.38713879
02.Set.16,4107.918131
05.Set.16,4058.20857415
06.Set.16,3556.1715898
07.Set.16,3410.68341298
08.Set.16,2445.20863831
09.Set.16,3009.30980913
12.Set.16,2572.57461857
13.Set.16,2470.48877659
14.Set.16,2200.77877152
15.Set.16,1741.12018154
16.Set.16,1630.92767915
19.Set.16,1299.68169543
20.Set.16,1301.72165625
21.Set.16,1026.57072914
22.Set.16,976.36868231
23.Set.16,1082.07474785
26.Set.16,959.29128248
27.Set.16,811.20384469
28.Set.16,586.87130571
29.Set.16,552.14815331
30.Set.16,1343.40947359
03.Oct.16,3262.1286925
04.Oct.16,3309.84072772
05.Oct.16,4682.24003973
06.Oct.16,4274.91958684
07.Oct.16,3786.11780756
10.Oct.16,3297.74392139
11.Oct.16,3082.14820111
12.Oct.16,3094.93185164
13.Oct.16,2799.57305735
14.Oct.16,2360.94271487
17.Oct.16,2263.4500462
18.Oct.16,1997.73229316
19.Oct.16,1715.14804466
20.Oct.16,1552.8776199
21.Oct.16,1171.19768935
24.Oct.16,1469.98200758
25.Oct.16,1053.8450893
26.Oct.16,1154.48805729
27.Oct.16,1050.08653312
28.Oct.16,613.96922475
31.Oct.16,948.53124888
01.Nov.16,n.d.
02.Nov.16,3569.60856862
03.Nov.16,3688.47830154
04.Nov.16,3681.36190523
07.Nov.16,3760.62077386
08.Nov.16,3781.55898588
09.Nov.16,3571.71536402
10.Nov.16,2850.41078379
11.Nov.16,2588.84839404
14.Nov.16,2565.24018455
15.Nov.16,2393.86319
16.Nov.16,2027.91720996
17.Nov.16,n.d.
18.Nov.16,n.d.
21.Nov.16,1652.96459004
22.Nov.16,1620.45625614
23.Nov.16,1195.47228737
24.Nov.16,1272.55365665
25.Nov.16,1120.0217263
28.Nov.16,842.23606457
29.Nov.16,1058.03153612
30.Nov.16,955.4033146
01.Dic.16,4004.19322067
02.Dic.16,4068.34706746
05.Dic.16,4396.81294178
06.Dic.16,4262.11849595
07.Dic.16,3787.02438317
08.Dic.16,n.d.
09.Dic.16,2947.05434222
12.Dic.16,2411.93388536
13.Dic.16,1996.80262604
14.Dic.16,1953.47415674
15.Dic.16,1702.24980981
16.Dic.16,1789.34681921
19.Dic.16,1355.97855224
20.Dic.16,1345.70901035
21.Dic.16,1413.24402746
22.Dic.16,1637.40914873
23.Dic.16,1751.29087438
26.Dic.16,1705.82337071
27.Dic.16,1817.65603572
28.Dic.16,1836.54237254
29.Dic.16,1136.76562507
30.Dic.16,1280.12456367
02.Ene.17,4240.48542774
03.Ene.17,4682.09191153
04.Ene.17,3387.83013144
05.Ene.17,3182.47189848
06.Ene.17,2776.40157227
09.Ene.17,3085.96508495
10.Ene.17,3281.43133624
11.Ene.17,3078.34614923
12.Ene.17,2724.3206137
13.Ene.17,2155.74615267
16.Ene.17,1906.23592934
17.Ene.17,1699.65560793
18.Ene.17,1836.45482389
19.Ene.17,1290.76841329
20.Ene.17,1712.42611727
23.Ene.17,1554.52759347
24.Ene.17,1124.2821339
25.Ene.17,1000.59982923
26.Ene.17,911.96067336
27.Ene.17,898.15925481
30.Ene.17,1198.61379094
31.Ene.17,1263.34820533
01.Feb.17,3753.87904514
02.Feb.17,4156.93954513
03.Feb.17,3776.72273339
06.Feb.17,3925.04872372
07.Feb.17,4506.10402559
08.Feb.17,3749.04773892
09.Feb.17,2823.01972247
10.Feb.17,3069.83526297
13.Feb.17,1598.78136103
14.Feb.17,2005.27036971
15.Feb.17,1270.44517952
16.Feb.17,1081.15864971
17.Feb.17,799.8317004
20.Feb.17,818.73711701
21.Feb.17,694.11378341
22.Feb.17,815.07384155
23.Feb.17,598.72910339
24.Feb.17,655.91365285
27.Feb.17,574.84034823
28.Feb.17,711.93762424
01.Mar.17,3500.8123081
02.Mar.17,3616.16510582
03.Mar.17,3764.19728766
06.Mar.17,3418.75508348
07.Mar.17,3403.18383637
08.Mar.17,3535.94110762
09.Mar.17,3370.85197001
10.Mar.17,2671.05744817
13.Mar.17,2625.75280183
14.Mar.17,2088.03188763
15.Mar.17,1991.49315452
16.Mar.17,1792.17955345
17.Mar.17,1314.43669285
20.Mar.17,1326.70305644
21.Mar.17,951.13714543
22.Mar.17,1597.23614433
23.Mar.17,1341.16009124
24.Mar.17,1025.98729682
27.Mar.17,761.88728871
28.Mar.17,868.33443808
29.Mar.17,712.24624377
30.Mar.17,727.86648606
31.Mar.17,1081.9814367
03.Abr.17,3212.60212119
04.Abr.17,2743.42370668
05.Abr.17,3081.56804008
06.Abr.17,2976.17950492
07.Abr.17,2767.31603671
10.Abr.17,3323.51190452
11.Abr.17,4115.6403005
12.Abr.17,3956.62573387
13.Abr.17,n.d.
14.Abr.17,n.d.
17.Abr.17,1613.34295509
18.Abr.17,1325.80056779
19.Abr.17,1535.07100384
20.Abr.17,1803.23266884
21.Abr.17,895.636339
24.Abr.17,834.66543327
25.Abr.17,1091.50388179
26.Abr.17,728.16404503
27.Abr.17,676.55456446
28.Abr.17,977.04634943
01.May.17,n.d.
02.May.17,3161.16773641
03.May.17,4724.17987571
04.May.17,4245.32824132
05.May.17,2793.24119003
08.May.17,3043.0499871
09.May.17,2853.47134085
10.May.17,2796.85222456
11.May.17,2909.05244997
12.May.17,2033.72663818
15.May.17,1921.46471195
16.May.17,2347.56785676
17.May.17,2285.05941353
18.May.17,2178.10768549
19.May.17,1776.98609599
22.May.17,1795.52957996
23.May.17,1013.7339873
24.May.17,1290.45745508
25.May.17,1014.71145103
26.May.17,599.71871148
29.May.17,501.38764251
30.May.17,318.46893112
31.May.17,567.51593838
01.Jun.17,3047.87511802
02.Jun.17,3575.19471352
05.Jun.17,3364.69925155
06.Jun.17,2988.29969425
07.Jun.17,2809.3110111
08.Jun.17,2777.49585431
09.Jun.17,2915.89839411
12.Jun.17,2573.95992657
13.Jun.17,2155.06779834
14.Jun.17,1427.4040288
15.Jun.17,1099.51444134
16.Jun.17,1246.17825231
19.Jun.17,1277.3858367
20.Jun.17,947.91795777
21.Jun.17,1135.82809831
22.Jun.17,1317.62840614
23.Jun.17,1040.94934772
26.Jun.17,1221.8803032
27.Jun.17,937.60147064
28.Jun.17,1406.07816614
29.Jun.17,n.d.
30.Jun.17,n.d.
03.Jul.17,3556.75506937
04.Jul.17,3473.49200417
05.Jul.17,3098.25954425
06.Jul.17,3294.28182171
07.Jul.17,2803.76208962
10.Jul.17,2731.02659941
11.Jul.17,2198.88213863
12.Jul.17,2431.98914757
13.Jul.17,2615.55325054
14.Jul.17,2370.92256248
17.Jul.17,1847.02991587
18.Jul.17,1955.57345036
19.Jul.17,2043.06339396
20.Jul.17,1688.3083934
21.Jul.17,1264.80604453
24.Jul.17,983.83562972
25.Jul.17,946.76237325
26.Jul.17,819.15358377
27.Jul.17,n.d.
28.Jul.17,n.d.
31.Jul.17,715.58708038
01.Ago.17,4248.17682339
02.Ago.17,3902.27557517
03.Ago.17,3862.96760635
04.Ago.17,3064.78012034
07.Ago.17,3185.79637615
08.Ago.17,3085.29533066
09.Ago.17,2461.36345657
10.Ago.17,1779.34999684
11.Ago.17,1500.69811904
14.Ago.17,1783.98936231
15.Ago.17,2928.32280181
16.Ago.17,2072.526445
17.Ago.17,1559.24826005
18.Ago.17,1459.15802639
21.Ago.17,1465.55998542
22.Ago.17,1640.25008433
23.Ago.17,1298.08539428
24.Ago.17,1039.58238959
25.Ago.17,783.3924613
28.Ago.17,795.19424111
29.Ago.17,405.07660413
30.Ago.17,n.d.
31.Ago.17,685.59637185
01.Set.17,3681.64381475
04.Set.17,4031.41038887
05.Set.17,3875.22757681
06.Set.17,3930.31347651
07.Set.17,3894.86239315
08.Set.17,2471.38319191
11.Set.17,2385.00061511
12.Set.17,1527.917364
13.Set.17,1593.71955952
14.Set.17,1392.71517346
15.Set.17,1256.27388059
18.Set.17,1178.70910431
19.Set.17,1431.82393549
20.Set.17,836.30750235
21.Set.17,1255.77023151
22.Set.17,1105.58597
25.Set.17,1274.53715878
26.Set.17,842.73559065
27.Set.17,864.89480424
28.Set.17,664.48120291
29.Set.17,1044.97344878
02.Oct.17,3441.92126332
03.Oct.17,3921.34537345
04.Oct.17,3813.14643629
05.Oct.17,3904.90477486
06.Oct.17,3900.81334259
09.Oct.17,2993.93777215
10.Oct.17,2811.55914637
11.Oct.17,2289.1822596
12.Oct.17,2451.87987385
13.Oct.17,2676.91065383
16.Oct.17,1924.54911267
17.Oct.17,1731.4496657
18.Oct.17,1064.28669482
19.Oct.17,901.80829653
20.Oct.17,1228.57735209
23.Oct.17,1268.12044999
24.Oct.17,965.88045971
25.Oct.17,923.05231729
26.Oct.17,643.00824987
27.Oct.17,472.8525043
30.Oct.17,685.39801359
31.Oct.17,1153.86847374
01.Nov.17,n.d.
02.Nov.17,3371.42003316
03.Nov.17,3264.23293325
06.Nov.17,3130.39468899
07.Nov.17,3710.02414306
08.Nov.17,3343.42775807
09.Nov.17,3304.26790872
10.Nov.17,2670.91298091
13.Nov.17,2176.60709664
14.Nov.17,2247.16743328
15.Nov.17,2144.5622208
16.Nov.17,1674.52114276
17.Nov.17,1428.27295261
20.Nov.17,1641.66921885
21.Nov.17,1230.23708238
22.Nov.17,1369.17318733
23.Nov.17,1297.99188088
24.Nov.17,1161.79863179
27.Nov.17,831.72558464
28.Nov.17,754.38800603
29.Nov.17,917.0211575
30.Nov.17,834.90554316
01.Dic.17,3213.28052484
04.Dic.17,3796.74610172
05.Dic.17,3551.43723744
06.Dic.17,3922.20698662
07.Dic.17,4033.64133871
08.Dic.17,n.d.
11.Dic.17,1837.55675858
12.Dic.17,2095.71729723
13.Dic.17,2014.95968603
14.Dic.17,1682.3170249
15.Dic.17,1287.94916532
18.Dic.17,2223.38099018
19.Dic.17,1496.26576858
20.Dic.17,1325.54007567
21.Dic.17,2128.74658448
22.Dic.17,1914.44201296
25.Dic.17,n.d.
26.Dic.17,1276.55677078
27.Dic.17,852.03704757
28.Dic.17,717.59815868
29.Dic.17,1184.04950424
01.Ene.18,n.d.
02.Ene.18,n.d.
03.Ene.18,4729.4121692
04.Ene.18,3851.15685393
05.Ene.18,3917.36578798
08.Ene.18,3570.52920832
09.Ene.18,3823.34055825
10.Ene.18,2949.74742767
11.Ene.18,2935.90776307
12.Ene.18,2558.63654655
15.Ene.18,2150.54860184
16.Ene.18,1928.99277806
17.Ene.18,1734.11376209
18.Ene.18,1841.44419916
19.Ene.18,1581.84182845
22.Ene.18,1484.58017837
23.Ene.18,1402.14985694
24.Ene.18,1110.93846863
25.Ene.18,1355.52316254
26.Ene.18,1078.38528145
29.Ene.18,887.05709834
30.Ene.18,1018.06291449
31.Ene.18,1040.93625976
01.Feb.18,3528.30385585
02.Feb.18,3539.54440315
05.Feb.18,3656.74063173
06.Feb.18,2988.88678683
07.Feb.18,2441.78332504
08.Feb.18,2937.45243911
09.Feb.18,2843.1304343
12.Feb.18,1979.36052328
13.Feb.18,1860.10978261
14.Feb.18,1817.79874127
15.Feb.18,1559.00333408
16.Feb.18,1670.34534683
19.Feb.18,1430.34069984
20.Feb.18,1107.75858795
21.Feb.18,977.0310511
22.Feb.18,1449.71147172
23.Feb.18,1487.02300259
26.Feb.18,911.22699398
27.Feb.18,558.75295897
28.Feb.18,507.04299702
01.Mar.18,3170.81065487
02.Mar.18,3694.04536127
05.Mar.18,3404.56785686
06.Mar.18,3380.37589085
07.Mar.18,2815.24065445
08.Mar.18,2792.74502933
09.Mar.18,2238.63181931
12.Mar.18,2495.42748759
13.Mar.18,2931.48137645
14.Mar.18,2141.6603822
15.Mar.18,1867.56580769
16.Mar.18,1683.40809097
19.Mar.18,1529.10231395
20.Mar.18,2066.93267972
21.Mar.18,1658.22680223
22.Mar.18,2111.72149087
23.Mar.18,1815.40215515
26.Mar.18,1439.87428689
27.Mar.18,741.41337626
28.Mar.18,784.95379302
29.Mar.18,n.d.
30.Mar.18,n.d.
02.Abr.18,4765.51572109
03.Abr.18,4135.19278972
04.Abr.18,3904.55362972
05.Abr.18,3328.68579841
06.Abr.18,2930.0049953
09.Abr.18,2872.7094386
10.Abr.18,2022.16244415
11.Abr.18,2133.62302392
12.Abr.18,3052.58130966
13.Abr.18,n.d.
16.Abr.18,1520.38196015
17.Abr.18,1530.57375826
18.Abr.18,1502.33178794
19.Abr.18,979.8152055
20.Abr.18,1035.83067067
23.Abr.18,1225.67301868
24.Abr.18,683.49199044
25.Abr.18,753.59424306
26.Abr.18,794.53303897
27.Abr.18,684.4287617
30.Abr.18,716.91150267
01.May.18,n.d.
02.May.18,4001.30901438
03.May.18,4343.7859385
04.May.18,3571.40514633
07.May.18,3765.59146708
08.May.18,3655.75135305
09.May.18,3198.44098327
10.May.18,3548.07904071
11.May.18,2595.76031535
14.May.18,2450.08123622
15.May.18,2340.11350286
16.May.18,1774.70441128
17.May.18,2149.35474167
18.May.18,1387.68339411
21.May.18,1443.93086876
22.May.18,952.23956768
23.May.18,1339.18637273
24.May.18,1014.99724632
25.May.18,1147.54860987
28.May.18,702.71166079
29.May.18,880.0833475
30.May.18,890.70766366
31.May.18,501.07224469
01.Jun.18,5314.05144747
04.Jun.18,4429.34779388
05.Jun.18,4022.65360454
06.Jun.18,4057.49316176
07.Jun.18,3755.28518597
08.Jun.18,4584.50988275
11.Jun.18,3186.55165487
12.Jun.18,2595.78961729
13.Jun.18,1693.62555068
14.Jun.18,1654.48439605
15.Jun.18,1596.10322865
18.Jun.18,1655.57235434
19.Jun.18,1022.28324156
20.Jun.18,1063.22621369
21.Jun.18,1499.31494099
22.Jun.18,1863.24718097
25.Jun.18,979.97334945
26.Jun.18,943.96298652
27.Jun.18,688.9164262
28.Jun.18,729.44912244
29.Jun.18,729.44912244
02.Jul.18,4322.52400482
03.Jul.18,4492.85749955
04.Jul.18,4503.67305713
05.Jul.18,4283.80238273
06.Jul.18,4214.9583839
09.Jul.18,3649.83582095
10.Jul.18,3306.52023364
11.Jul.18,3072.01397819
12.Jul.18,3039.2956122
13.Jul.18,2235.92278527
16.Jul.18,1829.88983444
17.Jul.18,1356.3795158
18.Jul.18,965.07877851
19.Jul.18,1085.7392629
20.Jul.18,1116.65831584
23.Jul.18,1305.23743313
24.Jul.18,1138.72648385
25.Jul.18,1227.92202897
26.Jul.18,1239.24650913
27.Jul.18,n.d.
30.Jul.18,813.24213568
31.Jul.18,490.99830205
01.Ago.18,4430.85366232
02.Ago.18,4349.75461112
03.Ago.18,4002.54039063
06.Ago.18,3826.40242279
07.Ago.18,3234.76381528
08.Ago.18,3312.85991337
09.Ago.18,3050.61992797
10.Ago.18,2853.53387181
13.Ago.18,2555.99322528
14.Ago.18,2037.10159928
15.Ago.18,1943.63354987
16.Ago.18,1366.15814189
17.Ago.18,1554.57745191
20.Ago.18,1532.03609734
21.Ago.18,1771.12984246
22.Ago.18,1444.53922902
23.Ago.18,1101.94333207
24.Ago.18,970.35572177
27.Ago.18,1096.48187088
28.Ago.18,778.88230409
29.Ago.18,996.23209231
30.Ago.18,n.d.
31.Ago.18,n.d.
03.Set.18,4859.37792237
04.Set.18,4422.27370668
05.Set.18,3770.14631568
06.Set.18,4113.71190922
07.Set.18,3398.70263432
10.Set.18,3161.76932779
11.Set.18,3134.75259083
12.Set.18,2807.95961997
13.Set.18,2799.74973934
14.Set.18,2316.02247003
17.Set.18,2408.09762498
18.Set.18,2000.64823213
19.Set.18,1783.42387434
20.Set.18,1381.6541947
21.Set.18,1232.22768193
24.Set.18,1300.65078821
25.Set.18,881.44391759
26.Set.18,1273.6327929
27.Set.18,776.34996411
28.Set.18,645.81015302
01.Oct.18,4460.09765098
02.Oct.18,4261.22848166
03.Oct.18,4340.64262402
04.Oct.18,3860.19558959
05.Oct.18,3371.87432276
08.Oct.18,n.d.
09.Oct.18,3620.10317144
10.Oct.18,3220.86916376
11.Oct.18,2883.08608677
12.Oct.18,3112.40576947
15.Oct.18,3140.56440901
16.Oct.18,2945.07804955
17.Oct.18,2149.67291256
18.Oct.18,1675.81260012
19.Oct.18,1344.29432954
22.Oct.18,1102.60719623
23.Oct.18,999.06468588
24.Oct.18,1135.16373782
25.Oct.18,968.64437413
26.Oct.18,683.58465252
29.Oct.18,735.63806854
30.Oct.18,558.79054902
31.Oct.18,1320.48371612
01.Nov.18,n.d.
02.Nov.18,n.d.
05.Nov.18,4939.0500764
06.Nov.18,4791.06946134
07.Nov.18,4337.24505871
08.Nov.18,4323.90305086
09.Nov.18,4525.53859456
12.Nov.18,3404.03299378
13.Nov.18,2994.14666002
14.Nov.18,2875.38829537
15.Nov.18,2308.69927365
16.Nov.18,2085.82791494
19.Nov.18,1924.07767762
20.Nov.18,1962.89648987
21.Nov.18,1493.64959433
22.Nov.18,1239.3564939
23.Nov.18,1273.78967807
26.Nov.18,987.61888855
27.Nov.18,837.19552761
28.Nov.18,618.96328325
29.Nov.18,766.86335598
30.Nov.18,736.71644587
03.Dic.18,4375.13877941
04.Dic.18,4339.32151991
05.Dic.18,3705.39080422
06.Dic.18,4459.21550721
07.Dic.18,4374.36235667
10.Dic.18,4301.71566251
11.Dic.18,3655.24443577
12.Dic.18,3575.07549012
13.Dic.18,2990.87252639
14.Dic.18,3414.7825036
17.Dic.18,2577.39757629
18.Dic.18,2314.44845217
19.Dic.18,2089.93434125
20.Dic.18,1573.35458291
21.Dic.18,1163.42425242
24.Dic.18,n.d.
25.Dic.18,n.d.
26.Dic.18,675.78739007
27.Dic.18,1080.64042952
28.Dic.18,775.88742189
31.Dic.18,1155.96005182
01.Ene.19,n.d.
02.Ene.19,5392.43604414
03.Ene.19,4182.13374013
04.Ene.19,4547.03747079
07.Ene.19,4290.98298844
08.Ene.19,3860.43312503
09.Ene.19,3692.44526505
10.Ene.19,3450.00902615
11.Ene.19,3089.64986909
14.Ene.19,2806.25973933
15.Ene.19,2614.26926205
16.Ene.19,2437.4860796
17.Ene.19,2219.41567837
18.Ene.19,1765.23445004
21.Ene.19,1352.53683058
22.Ene.19,1563.58382879
23.Ene.19,1501.99833971
24.Ene.19,1114.25266776
25.Ene.19,1411.05848867
28.Ene.19,587.37485214
29.Ene.19,597.55021309
30.Ene.19,546.90446673
31.Ene.19,616.29685435
01.Feb.19,4251.26818086
04.Feb.19,4851.4484624
05.Feb.19,4344.41210464
06.Feb.19,4528.14539787
07.Feb.19,4367.64952025
08.Feb.19,4017.32302473
11.Feb.19,4837.80823724
12.Feb.19,4181.08145094
13.Feb.19,4247.17444994
14.Feb.19,4131.51879671
15.Feb.19,3315.82898665
18.Feb.19,1895.818478
19.Feb.19,1612.74017337
20.Feb.19,1586.09199186
21.Feb.19,1107.76053346
22.Feb.19,859.25908147
25.Feb.19,842.06840965
26.Feb.19,454.17557582
27.Feb.19,949.42542832
28.Feb.19,921.52976846
01.Mar.19,5093.32577863
04.Mar.19,4470.13802392
05.Mar.19,4178.26181991
06.Mar.19,4233.99074318
07.Mar.19,4399.60802309
08.Mar.19,3652.28649127
11.Mar.19,3697.72688019
12.Mar.19,3545.02055236
13.Mar.19,3445.86321531
14.Mar.19,4162.40616197
15.Mar.19,3621.73327055
18.Mar.19,1919.92406459
19.Mar.19,1556.29532655
20.Mar.19,1679.93623192
21.Mar.19,906.39103702
22.Mar.19,963.10178131
25.Mar.19,812.0690041
26.Mar.19,838.1709691
27.Mar.19,835.26185576
28.Mar.19,894.9485148
29.Mar.19,643.32511419
01.Abr.19,4818.35335166
02.Abr.19,4604.20282405
03.Abr.19,4539.21902364
04.Abr.19,4499.70568772
05.Abr.19,4370.77284007
08.Abr.19,4168.63849374
09.Abr.19,3581.85116283
10.Abr.19,3440.26192081
11.Abr.19,3456.8829857
12.Abr.19,3209.436963
15.Abr.19,2951.6212664
16.Abr.19,3107.57242564
17.Abr.19,2043.72204072
18.Abr.19,n.d.
19.Abr.19,n.d.
22.Abr.19,2246.36450852
23.Abr.19,1469.67617706
24.Abr.19,1173.30014323
25.Abr.19,945.11411904
26.Abr.19,667.79401486
29.Abr.19,481.27104192
30.Abr.19,927.09361136
01.May.19,n.d.
02.May.19,4247.63836384
03.May.19,4293.74913162
06.May.19,4128.65267653
07.May.19,3848.34618138
08.May.19,3759.77065716
09.May.19,4179.85002164
10.May.19,3405.43825316
13.May.19,2937.53155004
14.May.19,2859.30121016
15.May.19,2514.19130292
16.May.19,2295.98609887
17.May.19,1693.32861766
20.May.19,1146.93777817
21.May.19,1044.89930809
22.May.19,1176.73933194
23.May.19,858.53183056
24.May.19,976.15875794
27.May.19,1178.43724528
28.May.19,1239.23019634
29.May.19,857.28050528
30.May.19,883.29332432
31.May.19,858.73709421
03.Jun.19,4371.73063927
04.Jun.19,4401.04232719
05.Jun.19,4282.54607802
06.Jun.19,4528.56520102
07.Jun.19,4427.31897311
10.Jun.19,3742.09529311
11.Jun.19,2408.07442133
12.Jun.19,2279.48132183
13.Jun.19,2742.03005026
14.Jun.19,2200.01751382
17.Jun.19,2795.27373788
18.Jun.19,2555.64631235
19.Jun.19,2827.63458789
20.Jun.19,1909.02607756
21.Jun.19,1488.68546724
24.Jun.19,1042.5700083
25.Jun.19,827.96737248
26.Jun.19,973.30412804
27.Jun.19,977.76508748
28.Jun.19,1034.69019166
01.Jul.19,4801.26974338
02.Jul.19,4872.37944964
03.Jul.19,6399.7004742
04.Jul.19,5670.33504997
05.Jul.19,3604.08499121
08.Jul.19,3150.90648077
09.Jul.19,2998.96078111
10.Jul.19,2836.37687926
11.Jul.19,2822.20903364
12.Jul.19,2310.4071473
15.Jul.19,1767.43512268
16.Jul.19,1978.7719569
17.Jul.19,1639.32040052
18.Jul.19,1672.96756609
19.Jul.19,1673.60673467
22.Jul.19,1585.2510142
23.Jul.19,1626.97624929
24.Jul.19,1885.2616013
25.Jul.19,1673.75171491
26.Jul.19,1218.63290516
29.Jul.19,n.d.
30.Jul.19,n.d.
31.Jul.19,514.14906445
01.Ago.19,4142.98566281
02.Ago.19,4548.10263973
05.Ago.19,4309.11036291
06.Ago.19,3994.90092664
07.Ago.19,4031.19525809
08.Ago.19,3894.81332783
09.Ago.19,3568.87036301
12.Ago.19,4005.32827455
13.Ago.19,3504.53510165
14.Ago.19,2614.90133072
15.Ago.19,1901.33361522
16.Ago.19,1127.93305291
19.Ago.19,1462.19860605
20.Ago.19,1087.23370247
21.Ago.19,1173.95155444
22.Ago.19,1542.5816537
23.Ago.19,1402.39043521
26.Ago.19,1288.31516155
27.Ago.19,999.39662556
28.Ago.19,801.42613451
29.Ago.19,n.d.
30.Ago.19,n.d.
02.Set.19,4693.31760315
03.Set.19,4930.8776036
04.Set.19,4315.39775289
05.Set.19,4531.99821223
06.Set.19,4443.19981882
09.Set.19,3066.15037804
10.Set.19,3710.82273135
11.Set.19,2934.01058304
12.Set.19,2516.98912302
13.Set.19,2740.3903684
16.Set.19,2430.58854146
17.Set.19,2414.97045187
18.Set.19,1831.28098711
19.Set.19,1770.48061406
20.Set.19,1385.87200997
23.Set.19,1551.09022554
24.Set.19,1144.82937093
25.Set.19,1319.52531691
26.Set.19,949.11976829
27.Set.19,867.80899522
30.Set.19,542.30346431
01.Oct.19,4599.20238081
02.Oct.19,4504.97241035
03.Oct.19,4650.30261656
04.Oct.19,4171.40250891
07.Oct.19,4316.77859973
08.Oct.19,n.d.
09.Oct.19,3963.70862664
10.Oct.19,3763.87480313
11.Oct.19,2972.59738146
14.Oct.19,2786.73799808
15.Oct.19,3055.23332854
16.Oct.19,2333.59078411
17.Oct.19,1717.83673989
18.Oct.19,1710.50219629
21.Oct.19,1289.35706127
22.Oct.19,1298.51209513
23.Oct.19,1124.26064165
24.Oct.19,877.98074222
25.Oct.19,694.15551159
28.Oct.19,942.69362725
29.Oct.19,829.27014072
30.Oct.19,1085.15968692
31.Oct.19,n.d.
01.Nov.19,n.d.
04.Nov.19,4903.70542402
05.Nov.19,4965.45379248
06.Nov.19,5071.89143846
07.Nov.19,5060.63837463
08.Nov.19,4720.12182739
11.Nov.19,4355.1788174
12.Nov.19,3935.46426322
13.Nov.19,3602.27317569
14.Nov.19,3165.63297538
15.Nov.19,2563.83608948
18.Nov.19,2188.4046113
19.Nov.19,1927.06193523
20.Nov.19,1273.99434924
21.Nov.19,819.05938847
22.Nov.19,720.05431923
25.Nov.19,718.51924706
26.Nov.19,645.30073869
27.Nov.19,949.81054661
28.Nov.19,759.18810983
29.Nov.19,687.0012762
02.Dic.19,4315.06234451
03.Dic.19,4767.03594978
04.Dic.19,4663.9881065
05.Dic.19,4529.08299237
06.Dic.19,4592.48532452
09.Dic.19,4836.97464112
10.Dic.19,4442.67192455
11.Dic.19,4495.75250005
12.Dic.19,4023.86774879
13.Dic.19,3360.08622425
16.Dic.19,2261.77301883
17.Dic.19,1672.3630074
18.Dic.19,1961.77762313
19.Dic.19,1853.26465818
20.Dic.19,1348.62522964
23.Dic.19,1434.54423365
24.Dic.19,1705.28879671
25.Dic.19,n.d.
26.Dic.19,990.93673639
27.Dic.19,963.79381104
30.Dic.19,570.07937654
31.Dic.19,1331.8487615
01.Ene.20,n.d.
02.Ene.20,4414.85840783
03.Ene.20,4529.5987495
06.Ene.20,4358.63909879
07.Ene.20,4056.21095162
08.Ene.20,4393.06039779
09.Ene.20,4090.90622497
10.Ene.20,3481.2856953
13.Ene.20,3483.95675785
14.Ene.20,3188.4966752
15.Ene.20,1923.53516689
16.Ene.20,2121.01104464
17.Ene.20,1833.13813857
20.Ene.20,1939.12645516
21.Ene.20,1296.0512754
22.Ene.20,1294.93822163
23.Ene.20,1168.40370471
24.Ene.20,1288.19601801
27.Ene.20,1010.24502357
28.Ene.20,1059.97719825
29.Ene.20,962.41898309
30.Ene.20,777.29451572
31.Ene.20,2133.18076048
03.Feb.20,3631.47229095
04.Feb.20,4418.62892914
05.Feb.20,4316.36465835
06.Feb.20,4268.25564113
07.Feb.20,4478.89823271
10.Feb.20,3946.99904734
11.Feb.20,5266.86320985
12.Feb.20,3410.9932398
13.Feb.20,3258.17015357
14.Feb.20,2674.32760554
17.Feb.20,2227.60244934
18.Feb.20,2382.73014839
19.Feb.20,1144.78148337
20.Feb.20,1023.80696322
21.Feb.20,812.91217696
24.Feb.20,874.29931785
25.Feb.20,605.8308642
26.Feb.20,874.68427872
27.Feb.20,1335.57426383
28.Feb.20,723.01616853
02.Mar.20,4973.58990634
03.Mar.20,5107.94564968
04.Mar.20,4853.56284956
05.Mar.20,4647.56831563
06.Mar.20,4034.71861041
09.Mar.20,4157.62545118
10.Mar.20,3969.90258619
11.Mar.20,3358.19665655
12.Mar.20,2934.65889629
13.Mar.20,3037.57647867
16.Mar.20,2830.63182717
17.Mar.20,2945.46869934
18.Mar.20,4609.26747579
19.Mar.20,5241.44294043
20.Mar.20,2436.19129115
23.Mar.20,1578.06999064
24.Mar.20,1145.70466955
25.Mar.20,1105.00025176
26.Mar.20,689.62534236
27.Mar.20,829.27947569
30.Mar.20,1053.33625253
31.Mar.20,717.11150385
01.Abr.20,4373.57928255
02.Abr.20,5223.62838614
03.Abr.20,5542.30641308
06.Abr.20,5067.8065319
07.Abr.20,3213.54756141
08.Abr.20,1733.55568146
09.Abr.20,n.d.
10.Abr.20,n.d.
13.Abr.20,1764.25859872
14.Abr.20,1284.85627828
15.Abr.20,1150.60818647
16.Abr.20,791.58260078
17.Abr.20,537.95211523
20.Abr.20,819.63747156
21.Abr.20,1039.36795472
22.Abr.20,1045.00866519
23.Abr.20,805.48188812
24.Abr.20,480.61658526
27.Abr.20,1375.3372899
28.Abr.20,1030.73370756
29.Abr.20,574.57517798
30.Abr.20,2134.70177462
01.May.20,n.d.
04.May.20,7560.03625313
05.May.20,6279
06.May.20,5422.04918834
07.May.20,6317.62130128
08.May.20,2134.75190853
11.May.20,2983.49272427
12.May.20,2061.07783649
13.May.20,2073.88827874
14.May.20,2745.04291109
15.May.20,2088.6690652
18.May.20,2291.871773
19.May.20,1613.02073983
20.May.20,1750.18196216
21.May.20,1079.500044
22.May.20,1257.17975489
25.May.20,1228.62573066
26.May.20,1073.8436923
27.May.20,571.13917572
28.May.20,692.5749558
29.May.20,624.90238092
01.Jun.20,9321.24308681
02.Jun.20,7913.78223652
03.Jun.20,6364.78170345
04.Jun.20,4641.38987329
05.Jun.20,3578.62936377
08.Jun.20,3828.54747337
09.Jun.20,1249.92222662
10.Jun.20,1890.71411044
11.Jun.20,1730.94227759
12.Jun.20,4029.93744513
15.Jun.20,4416.57026211
16.Jun.20,3210.40909025
17.Jun.20,3614.39639753
18.Jun.20,3128.30730635
19.Jun.20,2902.12606355
22.Jun.20,3871.08494153
23.Jun.20,4480.88922546
24.Jun.20,3533.7665402
25.Jun.20,3674.50246431
26.Jun.20,3746.76697392
29.Jun.20,n.d.
30.Jun.20,4098.72530567
01.Jul.20,6250.34813812
02.Jul.20,6667.51341116
03.Jul.20,5178.33919634
06.Jul.20,5550.18902636
07.Jul.20,3868.10581755
08.Jul.20,4617.65944957
09.Jul.20,3966.42118216
10.Jul.20,3147.81932711
13.Jul.20,3048.88114021
14.Jul.20,1738.73138863
15.Jul.20,2631.74510079
16.Jul.20,2118.72205597
17.Jul.20,2945.6
20.Jul.20,1327.27279439
21.Jul.20,1509.8
22.Jul.20,2357.39298774
23.Jul.20,2443.92404481
24.Jul.20,2491.7
27.Jul.20,2234.8
28.Jul.20,n.d.
29.Jul.20,2705.77
30.Jul.20,3144.5
31.Jul.20,3192.6
03.Ago.20,6406.1
04.Ago.20,6611.13933513
05.Ago.20,6388.9
06.Ago.20,6650.9
07.Ago.20,6154.9
10.Ago.20,4553.6
11.Ago.20,2099.5
12.Ago.20,2834.9
13.Ago.20,2782.210883
14.Ago.20,2152
17.Ago.20,1595.8436785
18.Ago.20,1911.6
19.Ago.20,2008
20.Ago.20,1579.9
21.Ago.20,1565.2
24.Ago.20,1431.6
25.Ago.20,1567.4
26.Ago.20,1776.6
27.Ago.20,783.5
28.Ago.20,987.4
31.Ago.20,794
01.Set.20,4924.5
02.Set.20,4510.8
03.Set.20,4240.5
04.Set.20,4082.2
07.Set.20,3448.4
08.Set.20,3743
09.Set.20,3108.9
10.Set.20,2031.8
11.Set.20,2155.3
14.Set.20,2044.5
15.Set.20,1722.4
16.Set.20,1521.6
17.Set.20,1583.23410747
18.Set.20,1333.3
21.Set.20,1299.7
22.Set.20,1100.1
23.Set.20,1343.3
24.Set.20,1966.6
25.Set.20,1234.9
28.Set.20,1007.5034174
29.Set.20,1065.2
30.Set.20,1190.9
01.Oct.20,5456
02.Oct.20,4131
05.Oct.20,4277.9
06.Oct.20,3891.15067763
07.Oct.20,3391.2
08.Oct.20,3110.781202
09.Oct.20,2509.6
12.Oct.20,2897.9
13.Oct.20,2100.5
14.Oct.20,2770.4
15.Oct.20,3036.4
16.Oct.20,2135.8
19.Oct.20,1280.8132126
20.Oct.20,1575.2
21.Oct.20,1179.8
22.Oct.20,1411.9
23.Oct.20,1221.4
26.Oct.20,869.6
27.Oct.20,1138.2
28.Oct.20,1215
29.Oct.20,1584.5
30.Oct.20,1289.8
02.Nov.20,5333.6667455
03.Nov.20,6286.30171368
04.Nov.20,5676.1
05.Nov.20,5744.17047381
06.Nov.20,4824.1
09.Nov.20,3261.29351427
10.Nov.20,4565.7
11.Nov.20,2175.2
12.Nov.20,2348.7
13.Nov.20,2106.8
16.Nov.20,1948.6
17.Nov.20,1736.5
18.Nov.20,1969.4
19.Nov.20,1925
20.Nov.20,1794.4
23.Nov.20,1517.1
24.Nov.20,1384.7
25.Nov.20,1537
26.Nov.20,812.2
27.Nov.20,753.8
30.Nov.20,1108.7
01.Dic.20,5757.7
02.Dic.20,5697.7
03.Dic.20,5905.5
04.Dic.20,3608.9
07.Dic.20,2892.8
08.Dic.20,n.d.
09.Dic.20,3399.5
10.Dic.20,3907.6
11.Dic.20,3184.1
14.Dic.20,2664.4
15.Dic.20,2604.2
16.Dic.20,2001.1
17.Dic.20,2146.3
18.Dic.20,2534.8
21.Dic.20,1828.7
22.Dic.20,1468
23.Dic.20,1607.1
24.Dic.20,1204.8
25.Dic.20,n.d.
28.Dic.20,1299.1
29.Dic.20,1024.8
30.Dic.20,1920.6
31.Dic.20,2250.3
01.Ene.21,n.d.
04.Ene.21,5449.2
05.Ene.21,4379.6
06.Ene.21,5253.8
07.Ene.21,3735.3
08.Ene.21,1997.9
11.Ene.21,2579.1
12.Ene.21,2120.2
13.Ene.21,2210.5
14.Ene.21,2259.3
15.Ene.21,2220.16173361
18.Ene.21,2499.2
19.Ene.21,1689.6
20.Ene.21,2155
21.Ene.21,1643.3
22.Ene.21,1283.2
25.Ene.21,1336.6
26.Ene.21,1497.5
27.Ene.21,1484.5
28.Ene.21,1235.3
29.Ene.21,1261.9
01.Feb.21,4839.9
02.Feb.21,3919
03.Feb.21,3543.4
04.Feb.21,4135.8
05.Feb.21,3019.4
08.Feb.21,2467.3
09.Feb.21,2570.44059618
10.Feb.21,2826.3
11.Feb.21,2537.4
12.Feb.21,3107.6
15.Feb.21,1353.9
16.Feb.21,1621.9
17.Feb.21,1632.8
18.Feb.21,2035.6
19.Feb.21,1282.7
22.Feb.21,1298.7
23.Feb.21,1491.8
24.Feb.21,1205
25.Feb.21,1658.1
26.Feb.21,1020.81766448
01.Mar.21,4127.3
02.Mar.21,4696.2
03.Mar.21,3272
04.Mar.21,3241.5
05.Mar.21,2983.3
08.Mar.21,3437.3
09.Mar.21,3408.7
10.Mar.21,2829.5
11.Mar.21,2403.9
12.Mar.21,2382.3
15.Mar.21,1962.8
16.Mar.21,1479.809
17.Mar.21,1351.6
18.Mar.21,1308.2
19.Mar.21,1004.2
22.Mar.21,1312.1
23.Mar.21,1164
24.Mar.21,1511.52982752
25.Mar.21,1076.24843451
26.Mar.21,1093.87154459
29.Mar.21,1214.2
30.Mar.21,846
31.Mar.21,4178.4
01.Abr.21,n.d.
02.Abr.21,n.d.
05.Abr.21,6604.3
06.Abr.21,7263.7
07.Abr.21,4223
08.Abr.21,4676.3
09.Abr.21,3774.98771523
12.Abr.21,2762.2
13.Abr.21,2762.2
14.Abr.21,3823.9
15.Abr.21,2112.2
16.Abr.21,1904.50020419
19.Abr.21,2500.5
20.Abr.21,1949.50529559
21.Abr.21,1787.37
22.Abr.21,1739
23.Abr.21,1368.7
26.Abr.21,936.6
27.Abr.21,1053.4
28.Abr.21,819.4
29.Abr.21,1445.4
30.Abr.21,2254
03.May.21,7263.8
04.May.21,5054.4
05.May.21,4493.7
06.May.21,4904.9
07.May.21,3858.3
10.May.21,2488.6
11.May.21,2366.1
12.May.21,2141.1
13.May.21,2081.5
14.May.21,1707.1
17.May.21,2039.2
18.May.21,1922.5
19.May.21,2604.8
20.May.21,1745.65736532
21.May.21,2050.74886361
24.May.21,967.2946864
25.May.21,771.9
26.May.21,860.6
27.May.21,1150.2
28.May.21,1002.29752177
31.May.21,925.07733056
01.Jun.21,8028.75624757
02.Jun.21,4194.9
03.Jun.21,5887.81815853
04.Jun.21,5592.63954166
07.Jun.21,4177.57264984
08.Jun.21,3343.5
09.Jun.21,3190.8
10.Jun.21,2173.11103645
11.Jun.21,1567.83189468
14.Jun.21,1123.5123006
15.Jun.21,1402.3
16.Jun.21,1604.76157527
17.Jun.21,1494.1013974
18.Jun.21,1398.83318061
21.Jun.21,746.13832069
22.Jun.21,747.78885503
23.Jun.21,623.18051472
24.Jun.21,524.65529895
25.Jun.21,670.08139454
28.Jun.21,n.d.
29.Jun.21,n.d.
30.Jun.21,1068.7263691
01.Jul.21,6526.84059729
02.Jul.21,5794.15792928
05.Jul.21,3558.36464641
06.Jul.21,5939.94758536
07.Jul.21,3836.02668252
08.Jul.21,2715.31339508
09.Jul.21,1879.95351463
12.Jul.21,2542.27668519
13.Jul.21,1456.41396726
14.Jul.21,2648.38637392
15.Jul.21,1610.69998593
16.Jul.21,1524.57391615
19.Jul.21,1740.80655388
20.Jul.21,1085.68406843
21.Jul.21,954.49787903
22.Jul.21,963.79347085
23.Jul.21,1115.27797572
26.Jul.21,566.11037552
27.Jul.21,626.87869065
28.Jul.21,n.d.
29.Jul.21,n.d.
30.Jul.21,2125.30152983
02.Ago.21,5348.9658952
03.Ago.21,5273.30248236
04.Ago.21,4520.60386296
05.Ago.21,4706.23215426
06.Ago.21,3791.88410081
09.Ago.21,3600.37397328
10.Ago.21,1626.20953972
11.Ago.21,3310.78762383
12.Ago.21,2819.63459893
13.Ago.21,2775.14112685
16.Ago.21,1617.65769273
17.Ago.21,1260.30020868
18.Ago.21,1963.41074396
19.Ago.21,1154.89551585
20.Ago.21,743.48031132
23.Ago.21,982.16518258
24.Ago.21,879.57071654
25.Ago.21,870.81325567
26.Ago.21,632.36781425
27.Ago.21,1013.17360595
30.Ago.21,n.d.
31.Ago.21,1162.17668338
01.Set.21,4636.88891639
02.Set.21,5459.85426907
03.Set.21,5211.30959599
06.Set.21,4822.7
07.Set.21,4120.92325508
08.Set.21,2916.33743502
09.Set.21,3552.62640594
10.Set.21,2187.30822279
13.Set.21,2350.38696448
14.Set.21,1748.57570651
15.Set.21,1377.47121975
16.Set.21,1414.74252906
17.Set.21,1489.08038067
20.Set.21,1527.41055231
21.Set.21,1341.07642818
22.Set.21,1728.79501894
23.Set.21,1303.08740982
24.Set.21,755.77804232
27.Set.21,788.85418828
28.Set.21,940.40132173
29.Set.21,697.42618837
30.Set.21,766.35431813
01.Oct.21,6186.76582749
04.Oct.21,6702.52648746
05.Oct.21,6705.36326296
06.Oct.21,6530.19027042
07.Oct.21,5441.85119183
08.Oct.21,n.d.
11.Oct.21,2071.83366044
12.Oct.21,1548.58925719
13.Oct.21,1583.80657084
14.Oct.21,1401.55721909
15.Oct.21,1632.57624886
18.Oct.21,1666.43214125
19.Oct.21,1406.3419254
20.Oct.21,1180.00129046
21.Oct.21,1336.02493538
22.Oct.21,890.67631669
25.Oct.21,818.25551713
26.Oct.21,828.81525814
27.Oct.21,1091.50209764
28.Oct.21,799.62184582
29.Oct.21,1138.54554047
01.Nov.21,n.d.
02.Nov.21,6305.7588566
03.Nov.21,5728.07357261
04.Nov.21,6144.18495002
05.Nov.21,5458.90111525
08.Nov.21,3455.61361471
09.Nov.21,4015.93561109
10.Nov.21,4963.6651113
11.Nov.21,4676.56417453
12.Nov.21,3883.1154375
15.Nov.21,3753.77371377
16.Nov.21,2107.42538928
17.Nov.21,1781.93235122
18.Nov.21,2399.3673201
19.Nov.21,1246.85586792
22.Nov.21,1285.98848645
23.Nov.21,944.29020136
24.Nov.21,631.17237699
25.Nov.21,616.35114135
26.Nov.21,713.54654443
29.Nov.21,607.92228653
30.Nov.21,1095.95458327
01.Dic.21,6049.92444502
02.Dic.21,6260.14979168
03.Dic.21,6014.76003294
06.Dic.21,5661.50539353
07.Dic.21,5368.63623686
08.Dic.21,n.d.
09.Dic.21,6071.64979989
10.Dic.21,4176.59328875
13.Dic.21,3387.84541281
14.Dic.21,2639.4509632
15.Dic.21,2920.34122305
16.Dic.21,2728.32350374
17.Dic.21,3231.01345401
20.Dic.21,1445.47439697
21.Dic.21,1904.01288
22.Dic.21,1592.11606299
23.Dic.21,1003.661548
24.Dic.21,1508.27543741
27.Dic.21,1256.88583989
28.Dic.21,772.33469133
29.Dic.21,632.25536024
30.Dic.21,725.0811362
31.Dic.21,2483.37791252
03.Ene.22,7283.14835026
04.Ene.22,9683.40264968
05.Ene.22,9317.38481712
06.Ene.22,8040.6105363
07.Ene.22,5332.21219543
10.Ene.22,5416.75889146
11.Ene.22,4588.58092797
12.Ene.22,3390.97151924
13.Ene.22,3116.52629405
14.Ene.22,2804.94657032
17.Ene.22,1675.70585013
18.Ene.22,1470.35626249
19.Ene.22,1644.16901438
20.Ene.22,1272.37568387
21.Ene.22,1151.04881717
24.Ene.22,1822.12397615
25.Ene.22,999.30926849
26.Ene.22,1291.27992985
27.Ene.22,2381.31158342
28.Ene.22,1411.70169553
31.Ene.22,1485.46678206
01.Feb.22,6824.41844088
02.Feb.22,6420.64509993
03.Feb.22,8822.24148923
04.Feb.22,8261.77390058
07.Feb.22,6658.92123393
08.Feb.22,5693.97355511
09.Feb.22,6103.58233035
10.Feb.22,4420.17254933
11.Feb.22,4981.43405956
14.Feb.22,3725.35619084
15.Feb.22,1472.43616448
16.Feb.22,1521.3425527
17.Feb.22,1745.21187269
18.Feb.22,938.56607052
21.Feb.22,936.84992722
22.Feb.22,856.71106407
23.Feb.22,725.91334898
24.Feb.22,918.08898975
25.Feb.22,933.66956376
28.Feb.22,1552.34630927
01.Mar.22,7806.28270917
02.Mar.22,7304.7419734
03.Mar.22,8391.651779
04.Mar.22,7090.54565864
07.Mar.22,8377.74701965
08.Mar.22,7928.43157595
09.Mar.22,6319.86677281
10.Mar.22,6924.42131881
11.Mar.22,3794.46296718
14.Mar.22,2845.59474873
15.Mar.22,957.58359959
16.Mar.22,1508.81848297
17.Mar.22,1350.73722094
18.Mar.22,955.56946799
21.Mar.22,1893.9205357
22.Mar.22,1055.19784365
23.Mar.22,802.67244236
24.Mar.22,1208.93366695
25.Mar.22,1359.0192713
28.Mar.22,1712.25850315
29.Mar.22,1236.74141423
30.Mar.22,818.52223135
31.Mar.22,1284.66577872
01.Abr.22,5375.03219898
04.Abr.22,7591.18540629
05.Abr.22,8029.33936216
06.Abr.22,7909.47394479
07.Abr.22,8148.60473025
08.Abr.22,6339.52004724
11.Abr.22,5707.67316995
12.Abr.22,4002.40760873
13.Abr.22,2321.01429654
14.Abr.22,n.d.
15.Abr.22,n.d.
18.Abr.22,2492.79005003
19.Abr.22,1546.78128062
20.Abr.22,1282.26271188
21.Abr.22,968.30627999
22.Abr.22,1099.39730811
25.Abr.22,1706.18811098
26.Abr.22,1249.60024763
27.Abr.22,972.7850499
28.Abr.22,1013.90771107
29.Abr.22,2694.3567299
02.May.22,8933.71385987
03.May.22,9525.63532933
04.May.22,10141.17382817
05.May.22,12770.94891687
06.May.22,13625.12426577
09.May.22,6681.91326484
10.May.22,6231.85091628
11.May.22,4642.80744832
12.May.22,5108.55007457
13.May.22,2823.16178395
16.May.22,2281.90111453
17.May.22,2178.82686313
18.May.22,1518.44186897
19.May.22,952.25466444
20.May.22,1251.71649631
23.May.22,976.13792532
24.May.22,707.28410673
25.May.22,948.87902879
26.May.22,1003.72403362
27.May.22,779.83684207
30.May.22,2100.27373923
31.May.22,1398.24522421
01.Jun.22,11468.29411239
02.Jun.22,11637.35708963
03.Jun.22,10751.94191998
06.Jun.22,10718.75841465
07.Jun.22,10078.19631297
08.Jun.22,9334.33567167
09.Jun.22,8496.90271211
10.Jun.22,4963.04772553
13.Jun.22,2907.32236498
14.Jun.22,1656.87379577
15.Jun.22,1294.87570644
16.Jun.22,825.31530225
17.Jun.22,940.57368135
20.Jun.22,1386.8779893
21.Jun.22,805.45429135
22.Jun.22,1353.8216582
23.Jun.22,745.55461498
24.Jun.22,1199.90388074
27.Jun.22,974.69179519
28.Jun.22,1161.55799484
29.Jun.22,n.d.
30.Jun.22,1330.49790185
01.Jul.22,10567.53096084
04.Jul.22,11820.7680681
05.Jul.22,10465.60576539
06.Jul.22,9358.2471791
07.Jul.22,8816.58911508
08.Jul.22,4981.17948094
11.Jul.22,4031.80733028
12.Jul.22,4947.00036258
13.Jul.22,4266.95033516
14.Jul.22,4114.11345169
15.Jul.22,3978.87094748
18.Jul.22,2840.84111457
19.Jul.22,2946.34805871
20.Jul.22,3337.94954999
21.Jul.22,2375.59005024
22.Jul.22,1802.97954849
25.Jul.22,1013.08993188
26.Jul.22,1501.73435525
27.Jul.22,1085.23314076
28.Jul.22,n.d.
29.Jul.22,n.d.
01.Ago.22,11352.95378276
02.Ago.22,10508.92770057
03.Ago.22,8918.30436741
04.Ago.22,7836.5548522
05.Ago.22,9206.58479413
08.Ago.22,11442.29296419
09.Ago.22,10174.93257886
10.Ago.22,10065.04604592
11.Ago.22,10296.94599925
12.Ago.22,5850.67457922
15.Ago.22,4612.35267218
16.Ago.22,3870.12018365
17.Ago.22,3058.4540393
18.Ago.22,2027.03123049
19.Ago.22,584.75091931
22.Ago.22,1483.19475439
23.Ago.22,1481.57766515
24.Ago.22,929.94328631
25.Ago.22,1010.92406562
26.Ago.22,1176.96729612
29.Ago.22,1034.20982248
30.Ago.22,n.d.
31.Ago.22,1515.21520973
01.Set.22,11889.58048114
02.Set.22,10844.83583751
05.Set.22,10817.87944198
06.Set.22,10547.26700578
07.Set.22,10742.44053113
08.Set.22,10250.46161463
09.Set.22,5039.07728595
12.Set.22,5137.70226495
13.Set.22,3450.27705388
14.Set.22,3339.12779985
15.Set.22,3784.30467723
16.Set.22,3292.67099496
19.Set.22,3874.11641233
20.Set.22,3311.27982868
21.Set.22,1966.48016809
22.Set.22,1834.85930291
23.Set.22,602.9477252
26.Set.22,1099.79628501
27.Set.22,1298.48257789
28.Set.22,1225.53601361
29.Set.22,1045.39498514
30.Set.22,1849.15245557
03.Oct.22,12657.17441255
04.Oct.22,11467.94213749
05.Oct.22,12816.13004838
06.Oct.22,12202.03557812
07.Oct.22,11797.710944
10.Oct.22,8106.92085348
11.Oct.22,7872.64636078
12.Oct.22,6067.64831876
13.Oct.22,5923.15635927
14.Oct.22,4277.25485383
17.Oct.22,3970.54777894
18.Oct.22,3339.13705221
19.Oct.22,2777.64330921
20.Oct.22,2443.377881
21.Oct.22,1467.5244708
24.Oct.22,2639.1544414
25.Oct.22,1945.42599655
26.Oct.22,1950.17533163
27.Oct.22,1628.8983321
28.Oct.22,987.44588037
31.Oct.22,2055.54483406
01.Nov.22,n.d.
02.Nov.22,12262.23048899
03.Nov.22,11330.82698398
04.Nov.22,10773.31485508
07.Nov.22,11131.11987564
08.Nov.22,10839.43147894
09.Nov.22,10500.55629649
10.Nov.22,10247.98857598
11.Nov.22,4376.43394506
14.Nov.22,5098.9791646
15.Nov.22,4823.27003798
16.Nov.22,2818.54691538
17.Nov.22,2003.09032615
18.Nov.22,1754.70631238
21.Nov.22,1444.47872548
22.Nov.22,1535.23742113
23.Nov.22,1674.65207704
24.Nov.22,1598.6572676
25.Nov.22,1092.75050815
28.Nov.22,1827.13899444
29.Nov.22,1236.37943536
30.Nov.22,1317.32013183
01.Dic.22,12009.30559798
02.Dic.22,11231.33938469
05.Dic.22,10746.0106282
06.Dic.22,10484.45649557
07.Dic.22,7464.5203907
08.Dic.22,n.d.
09.Dic.22,n.d.
12.Dic.22,5161.77814167
13.Dic.22,4116.09030052
14.Dic.22,5184.01766881
15.Dic.22,4479.77024552
16.Dic.22,2893.06402288
19.Dic.22,3276.0177822
20.Dic.22,2036.92164015
21.Dic.22,1540.61345593
22.Dic.22,1703.26900236
23.Dic.22,1546.21368802
26.Dic.22,1582.21442239
27.Dic.22,1059.29563976
28.Dic.22,628.66526735
29.Dic.22,597.07172277
30.Dic.22,1173.55950009
02.Ene.23,n.d.
03.Ene.23,12773.45822936
04.Ene.23,12669.14923339
05.Ene.23,12455.03019257
06.Ene.23,11091.93198339
09.Ene.23,9691.99958079
10.Ene.23,7762.12175229
11.Ene.23,7031.96301862
12.Ene.23,6748.49022449
13.Ene.23,5103.04355797
16.Ene.23,4222.35766716
17.Ene.23,3289.791513
18.Ene.23,2751.21548558
19.Ene.23,2175.94866372
20.Ene.23,1463.8110163
23.Ene.23,1980.78656645
24.Ene.23,1295.46502621
25.Ene.23,1740.65730959
26.Ene.23,1559.27844708
27.Ene.23,897.51951185
30.Ene.23,1866.54276079
31.Ene.23,1060.62952742
01.Feb.23,12914.55854439
02.Feb.23,13085.0748167
03.Feb.23,13325.26120988
06.Feb.23,13000.60088334
07.Feb.23,9365.25974978
08.Feb.23,7672.60808901
09.Feb.23,6034.74440557
10.Feb.23,5161.96364953
13.Feb.23,5954.56303986
14.Feb.23,4019.77626692
15.Feb.23,3793.13593379
16.Feb.23,2864.94913524
17.Feb.23,1905.53182953
20.Feb.23,2002.17990713
21.Feb.23,1509.95802268
22.Feb.23,1335.28494516
23.Feb.23,1030.60942295
24.Feb.23,1362.19463135
27.Feb.23,1539.57615474
28.Feb.23,986.90357431
01.Mar.23,13470.13600738
02.Mar.23,12529.21967883
03.Mar.23,10876.98893298
06.Mar.23,10328.70395114
07.Mar.23,9225.43685193
08.Mar.23,8300.57355847
09.Mar.23,6566.88880435
10.Mar.23,4541.33052752
13.Mar.23,5160.50718328
14.Mar.23,6175.91409108
15.Mar.23,5507.00123284
16.Mar.23,4964.18682911
17.Mar.23,3684.19792433
20.Mar.23,2933.91336469
21.Mar.23,2087.9133808
22.Mar.23,1751.19970144
23.Mar.23,1357.12514577
24.Mar.23,1410.30454396
27.Mar.23,1908.04409264
28.Mar.23,1663.29822162
29.Mar.23,1466.23646339
30.Mar.23,983.3359786
31.Mar.23,2616.75453393
03.Abr.23,12912.37740691
04.Abr.23,12304.84120815
05.Abr.23,10384.98136672
06.Abr.23,n.d.
07.Abr.23,n.d.
10.Abr.23,12032.27299884
11.Abr.23,9846.13721202
12.Abr.23,8186.59021499
13.Abr.23,5602.97286078
14.Abr.23,4371.10909698
17.Abr.23,3257.65666371
18.Abr.23,2278.32945784
19.Abr.23,1786.57744561
20.Abr.23,1668.15517463
21.Abr.23,1239.84105267
24.Abr.23,1547.20474502
25.Abr.23,2005.94870199
26.Abr.23,1354.81677497
27.Abr.23,1357.91319579
28.Abr.23,737.49247777
01.May.23,n.d.
02.May.23,9557.30783121
03.May.23,11164.85521781
04.May.23,11152.28698791
05.May.23,10857.46193243
08.May.23,10029.42828085
09.May.23,9893.25951303
10.May.23,9015.28918124
11.May.23,7940.02908149
12.May.23,6902.27307243
15.May.23,5471.97983525
16.May.23,3591.41291889
17.May.23,2991.15370788
18.May.23,2475.81319199
19.May.23,1746.56602326
22.May.23,2228.84666522
23.May.23,1222.48822531
24.May.23,1341.26835613
25.May.23,1128.93159812
26.May.23,859.55430782
29.May.23,922.19829068
30.May.23,869.19990615
31.May.23,598.80602383
01.Jun.23,11563.67986223
02.Jun.23,11574.47574488
05.Jun.23,11484.82013915
06.Jun.23,9885.70144085
07.Jun.23,8785.23622251
08.Jun.23,7611.42863637
09.Jun.23,5892.85799936
12.Jun.23,5680.48528443
13.Jun.23,5409.63356999
14.Jun.23,5522.83788678
15.Jun.23,5725.27706278
16.Jun.23,4418.05766167
19.Jun.23,2792.3648231
20.Jun.23,1743.10357921
21.Jun.23,1216.01524146
22.Jun.23,1459.85596554
23.Jun.23,686.52026675
26.Jun.23,1002.88471214
27.Jun.23,793.07233182
28.Jun.23,1123.57422511
29.Jun.23,n.d.
30.Jun.23,1800.9638613
03.Jul.23,9436.60366801
04.Jul.23,12907.56696959
05.Jul.23,13331.86377425
06.Jul.23,13076.90083122
07.Jul.23,12312.47099385
10.Jul.23,10976.50273785
11.Jul.23,9048.01449781
12.Jul.23,7572.33648138
13.Jul.23,6813.0063132
14.Jul.23,5650.68244493
17.Jul.23,4503.33902395
18.Jul.23,5230.53249702
19.Jul.23,4363.32152679
20.Jul.23,3955.59972119
21.Jul.23,2192.60732009
24.Jul.23,1238.46601863
25.Jul.23,1334.87657038
26.Jul.23,1442.03611123
27.Jul.23,808.62947095
28.Jul.23,n.d.
31.Jul.23,1167.76761015
01.Ago.23,13333.05176325
02.Ago.23,12831.72613095
03.Ago.23,12160.4833281
04.Ago.23,10854.93939188
07.Ago.23,9778.41101614
08.Ago.23,9140.0768875
09.Ago.23,8590.78694573
10.Ago.23,7721.45454691
11.Ago.23,7086.04405206
14.Ago.23,6272.79499788
15.Ago.23,5970.84682226
16.Ago.23,4919.95612118
17.Ago.23,4553.36719665
18.Ago.23,3021
21.Ago.23,3676.06355626
22.Ago.23,2282.00151035
23.Ago.23,1492.40070543
24.Ago.23,1369.38292232
25.Ago.23,1166.71744986
28.Ago.23,1550.6335051
29.Ago.23,1304.07424481
30.Ago.23,n.d.
31.Ago.23,645.94733725
01.Set.23,13576.45677541
04.Set.23,11958.04007654
05.Set.23,10992.2417281
06.Set.23,10507.21595855
07.Set.23,10047.33201578
08.Set.23,9240.40376322
11.Set.23,7816.60168301
12.Set.23,7170.62249398
13.Set.23,5851.73159686
14.Set.23,4457.08186587
15.Set.23,3075.6240761
18.Set.23,2872.83661352
19.Set.23,2955.32705267
20.Set.23,2331.04138897
21.Set.23,1757.93314966
22.Set.23,1487.45906038
25.Set.23,1932.96382918
26.Set.23,1846.50213062
27.Set.23,1195.40772359
28.Set.23,1621.20250006
29.Set.23,1313.38960247
02.Oct.23,13831.66778361
03.Oct.23,12769.11110326
04.Oct.23,11613.34903543
05.Oct.23,10129.91480901
06.Oct.23,10424.46719559
09.Oct.23,10065.61490393
10.Oct.23,8586.14716831
11.Oct.23,7880.64686473
12.Oct.23,6293.96928797
13.Oct.23,5957.58418088
16.Oct.23,7762.78100348
17.Oct.23,8551.56994458
18.Oct.23,5264.84190399
19.Oct.23,4352.06211335
20.Oct.23,2779.77282399
23.Oct.23,2250.31561501
24.Oct.23,2112.50083077
25.Oct.23,2030.67839609
26.Oct.23,2345.91248652
27.Oct.23,1735.28068904
30.Oct.23,1878.12833437
31.Oct.23,1091.04545961
01.Nov.23,n.d.
02.Nov.23,13395.39231645
03.Nov.23,11746.83441101
06.Nov.23,11155.18924348
07.Nov.23,10195.96914267
08.Nov.23,8143.7766727
09.Nov.23,8342.18212769
10.Nov.23,8289.92817501
13.Nov.23,7584.96019775
14.Nov.23,9207.89618596
15.Nov.23,7723.27979673
16.Nov.23,6173.16823415
17.Nov.23,3775.15940653
20.Nov.23,4292.01551235
21.Nov.23,3417.69687601
22.Nov.23,2785.97001879
23.Nov.23,2093.7702488
24.Nov.23,1957.33554639
27.Nov.23,1901.00000594
28.Nov.23,1660.63262576
29.Nov.23,1255.0896797
30.Nov.23,1680.3012833
01.Dic.23,10076.0078313
04.Dic.23,12235.44088083
05.Dic.23,10800.67709187
06.Dic.23,9083.18446457
07.Dic.23,8117.13516273
08.Dic.23,n.d.
11.Dic.23,8518.17964727
12.Dic.23,8138.44213433
13.Dic.23,7983.25504037
14.Dic.23,7997.0490736
15.Dic.23,7562.49073914
18.Dic.23,7158.28750939
19.Dic.23,6184.08213129
20.Dic.23,4709.36867897
21.Dic.23,4558.11077064
22.Dic.23,2284.48890782
25.Dic.23,n.d.
26.Dic.23,2599.34757748
27.Dic.23,1876.88942846
28.Dic.23,1647.38074891
29.Dic.23,1396.70112826
01.Ene.24,n.d.
02.Ene.24,n.d.
03.Ene.24,12396.96657233
04.Ene.24,12663.93910032
05.Ene.24,12438.81040685
08.Ene.24,12196.14110984
09.Ene.24,11065.93481587
10.Ene.24,10136.81416372
11.Ene.24,7995.48999902
12.Ene.24,7007.62895367
15.Ene.24,6209.33786389
16.Ene.24,4732.09021722
17.Ene.24,4869.87779288
18.Ene.24,3949.6533474
19.Ene.24,3923.67148456
22.Ene.24,3572.46668238
23.Ene.24,1915.57581966
24.Ene.24,2703.43509378
25.Ene.24,2655.95197427
26.Ene.24,2167.73619337
29.Ene.24,1241.28804396
30.Ene.24,1183.60222727
31.Ene.24,1173.35315286
01.Feb.24,13432.85131625
02.Feb.24,11723.96749117
05.Feb.24,11206.80201372
06.Feb.24,9439.51675603
07.Feb.24,9705.88439626
08.Feb.24,9075.76903171
09.Feb.24,7977.18244432
12.Feb.24,7255.95589732
13.Feb.24,5715.49989958
14.Feb.24,5814.5487893
15.Feb.24,4191.41341746
16.Feb.24,3827.05391057
19.Feb.24,4084.32620845
20.Feb.24,2497.41219205
21.Feb.24,2961.50624908
22.Feb.24,2060.96657161
23.Feb.24,1627.17564205
26.Feb.24,1727.51937702
27.Feb.24,2879.76811261
28.Feb.24,1498.72033236
29.Feb.24,929.3212372
01.Mar.24,11284.89768701
04.Mar.24,11249.29869609
05.Mar.24,11089.50794994
06.Mar.24,10600.87711702
07.Mar.24,9930.19216333
08.Mar.24,8511.79773634
11.Mar.24,7146.03949662
12.Mar.24,7229.74215392
13.Mar.24,6610.02606006
14.Mar.24,5958.05816421
15.Mar.24,5607.39438811
18.Mar.24,5031.33283462
19.Mar.24,3336.20461789
20.Mar.24,3545.48011485
21.Mar.24,2869.07978452
22.Mar.24,2913.73502924
25.Mar.24,2540.2983978
26.Mar.24,1657.5128664
27.Mar.24,1439.06821492
28.Mar.24,n.d.
29.Mar.24,n.d.
01.Abr.24,12742.15681747
02.Abr.24,11655.04188718
03.Abr.24,10785.48350286
04.Abr.24,10246.57960203
05.Abr.24,5944.65529363
08.Abr.24,4419.30184608
09.Abr.24,4691.39174403
10.Abr.24,4490.77182708
11.Abr.24,4200.54178994
12.Abr.24,4297.00254765
15.Abr.24,4489.76346686
16.Abr.24,4507.02817989
17.Abr.24,4619.28607161
18.Abr.24,4666.06985737
19.Abr.24,3592.09575902
22.Abr.24,3228.05624364
23.Abr.24,2500.94928206
24.Abr.24,2104.031108
25.Abr.24,2586.32042596
26.Abr.24,2587.8390851
29.Abr.24,1214.14401531
30.Abr.24,1455.62667852
01.May.24,n.d.
02.May.24,13412.64633661
03.May.24,11409.46459546
06.May.24,11588.06650989
07.May.24,10767.54138977
08.May.24,9784.56758748
09.May.24,7247.90590749
10.May.24,5116.57378535
13.May.24,4323.84507682
14.May.24,3338.25841899
15.May.24,3730.69683661
16.May.24,3109.0123186
17.May.24,3000.04295193
20.May.24,3591.96143469
21.May.24,3431.09817713
22.May.24,2782.1512248
23.May.24,3393.7226676
24.May.24,3441.53517024
27.May.24,2604.90101973
28.May.24,1733.87216417
29.May.24,1590.89194368
30.May.24,1033.21931352
31.May.24,1468.99970863
03.Jun.24,13585.98224411
04.Jun.24,12839.87387999
05.Jun.24,12070.9715678
06.Jun.24,9804.52513753
07.Jun.24,n.d.
10.Jun.24,8582.37765086
11.Jun.24,7261.22460559
12.Jun.24,7517.47905149
13.Jun.24,4941.73252795
14.Jun.24,4424.02635454
17.Jun.24,4699.25052391
18.Jun.24,3394.64624062
19.Jun.24,3402.26087253
20.Jun.24,3704.24394823
21.Jun.24,2078.40658102
24.Jun.24,2972.033002
25.Jun.24,3261.18236734
26.Jun.24,3596.58025466
27.Jun.24,2658.81540868
28.Jun.24,1860.57177711
01.Jul.24,15342.22404911
02.Jul.24,14323.73163056
03.Jul.24,13708.39094387
04.Jul.24,11044.57039635
05.Jul.24,9386.02132404
08.Jul.24,8178.8146074
09.Jul.24,8104.1571798
10.Jul.24,8085.06736116
11.Jul.24,6519.05670466
12.Jul.24,4555.44440155
15.Jul.24,4467.40652273
16.Jul.24,4700.94982852
17.Jul.24,3419.17165872
18.Jul.24,4639.12687831
19.Jul.24,2963.99898489
22.Jul.24,2997.32658507
23.Jul.24,n.d.
24.Jul.24,3078.53560731
25.Jul.24,1572.10170466
26.Jul.24,n.d.
29.Jul.24,n.d.
30.Jul.24,6965.80599668
31.Jul.24,1971.97086267
01.Ago.24,12943.00526705
02.Ago.24,11724.26341239
05.Ago.24,10705.43483052
06.Ago.24,n.d.
07.Ago.24,8674.20685244
08.Ago.24,5856.99609086
09.Ago.24,4674.0085543
12.Ago.24,5551.0487978
13.Ago.24,4544.27435173
14.Ago.24,4673.90692748
15.Ago.24,4088.94901225
16.Ago.24,4266.37659468
19.Ago.24,3671.8671954
20.Ago.24,3123.19468587
21.Ago.24,2723.38954901
22.Ago.24,2039.5739851
23.Ago.24,1840.67840195
26.Ago.24,2337.54251879
27.Ago.24,2264.60700909
28.Ago.24,2523.61695891
29.Ago.24,2116.7366983
30.Ago.24,n.d.
02.Set.24,13038.39648173
03.Set.24,12561.46251943
04.Set.24,12052.54847017
05.Set.24,10796.59183949
06.Set.24,9682.20419253
09.Set.24,7979.13534326
10.Set.24,6247.67066861
11.Set.24,5902.41811248
12.Set.24,4826.849644
13.Set.24,4438.9947655
16.Set.24,4333.89551916
17.Set.24,3754.90454627
18.Set.24,3835.35377517
19.Set.24,3711.83416409
20.Set.24,3955.90137533
23.Set.24,3371.85186552
24.Set.24,2155.92156665
25.Set.24,3534.59887318
26.Set.24,3229.89371588
27.Set.24,3353.3239577
30.Set.24,1934.05235896
01.Oct.24,12604.34606593
02.Oct.24,11210.82046928
03.Oct.24,11089.79360338
04.Oct.24,8323.84965415
07.Oct.24,10606.84977558
08.Oct.24,n.d.
09.Oct.24,6766.70165437
10.Oct.24,6792.49345119
11.Oct.24,6195.03642932
14.Oct.24,6674.08803896
15.Oct.24,5923.21031037
16.Oct.24,4605.74749769
17.Oct.24,4492.18656973
18.Oct.24,3412.64531496
21.Oct.24,3616.43313974
22.Oct.24,3759.47017683
23.Oct.24,3887.12765201
24.Oct.24,4019.6528505
25.Oct.24,4587.3237019
28.Oct.24,2891.57014861
29.Oct.24,1674.98313682
30.Oct.24,1935.22850833
31.Oct.24,1946.79761275
01.Nov.24,n.d.
04.Nov.24,14373.68418856
05.Nov.24,13420.22383789
06.Nov.24,12284.67698827
07.Nov.24,11477.16338638
08.Nov.24,10001.0832316
11.Nov.24,9912.4838457
12.Nov.24,8359.73550801
13.Nov.24,7317.40426505
14.Nov.24,7416.62536097
15.Nov.24,7285.05172312
18.Nov.24,5142.01829936
19.Nov.24,3835.50764245
20.Nov.24,3041.10824027
21.Nov.24,3580.01438596
22.Nov.24,2878.73057572
25.Nov.24,3864.81889437
26.Nov.24,3703.11458472
27.Nov.24,3242.44989341
28.Nov.24,2944.00121768
29.Nov.24,1816.01466125
02.Dic.24,14547.34164924
03.Dic.24,12840.57174792
04.Dic.24,12223.95626551
05.Dic.24,11245.02457251
06.Dic.24,9693.05728678
09.Dic.24,n.d.
10.Dic.24,9225.62905263
11.Dic.24,8708.12705524
12.Dic.24,8442.0997953
13.Dic.24,7953.82765428
16.Dic.24,6518.98736218
17.Dic.24,5805.68205681
18.Dic.24,4189.12055888
19.Dic.24,2105.03503355
20.Dic.24,1768.32654971
23.Dic.24,2480.73888772
24.Dic.24,3530.48298379
25.Dic.24,n.d.
26.Dic.24,2453.61384352
27.Dic.24,1514.59682394
30.Dic.24,1453.99327815
31.Dic.24,n.d.
01.Ene.25,n.d.
02.Ene.25,15980.40336268
03.Ene.25,12929.83732781
06.Ene.25,11444.57436854
07.Ene.25,9771.57632903
08.Ene.25,8762.32963811
09.Ene.25,7561.11245732
10.Ene.25,6338.8274035
13.Ene.25,6590.52435507
14.Ene.25,4952.16522319
15.Ene.25,4541.08925094
16.Ene.25,3500.58433659
17.Ene.25,3455.27097197
20.Ene.25,5824.50180762
21.Ene.25,4043.76470372
22.Ene.25,3515.02131274
23.Ene.25,3062.31539756
24.Ene.25,2881.67751641
27.Ene.25,2718.46910855
28.Ene.25,2418.17343154
29.Ene.25,2797.88855888
30.Ene.25,981.8039649
31.Ene.25,1260.1123597
03.Feb.25,13551.1302824
04.Feb.25,11210.68964833
05.Feb.25,10678.48576619
06.Feb.25,9362.0468809
07.Feb.25,7370.13128419
10.Feb.25,7256.63721093
11.Feb.25,6579.24524215
12.Feb.25,7991.16982969
13.Feb.25,6895.03477558
14.Feb.25,6696.03048426
17.Feb.25,6782.02528815
18.Feb.25,5693.05420412
19.Feb.25,4826.08900942
20.Feb.25,4441.42826949
21.Feb.25,3148.3752573
24.Feb.25,4433.02395767
25.Feb.25,2851.25778954
26.Feb.25,2750.21239602
27.Feb.25,2272.21968832
28.Feb.25,3410.78035543
03.Mar.25,13158.8078691
04.Mar.25,12307.53441353
05.Mar.25,12203.3866654
06.Mar.25,11573.90931304
07.Mar.25,10993.75998506
10.Mar.25,10173.04553235
11.Mar.25,9948.62538647
12.Mar.25,9674.96250963
13.Mar.25,9109.47854632
14.Mar.25,6594.97978157
17.Mar.25,4958.81106949
18.Mar.25,3714.07082393
19.Mar.25,3097.4197391
20.Mar.25,3334.06281428
21.Mar.25,2065.10001092
24.Mar.25,3481.99471449
25.Mar.25,2626.18000395
26.Mar.25,2324.59103103
27.Mar.25,1541.19122485
28.Mar.25,2192.67936592
31.Mar.25,1817.62586616
01.Abr.25,13717.31475502
02.Abr.25,13470.60577537
03.Abr.25,13088.32528529
04.Abr.25,12861.87273751
07.Abr.25,9194.4242708
08.Abr.25,8660.45403044
09.Abr.25,9206.06883812
10.Abr.25,7701.36235011
11.Abr.25,7498.74297806
14.Abr.25,4945.98970939
15.Abr.25,2967.97853726
16.Abr.25,2887.80163748
17.Abr.25,n.d.
18.Abr.25,n.d.
21.Abr.25,4701.76005793
22.Abr.25,2412.65180855
23.Abr.25,2304.97931995
24.Abr.25,2239.94764512
25.Abr.25,2682.74560911
28.Abr.25,3206.39425777
29.Abr.25,1767.30016546
30.Abr.25,3140.84334367
01.May.25,n.d.
02.May.25,13804.48991352
05.May.25,12835.29570153
06.May.25,13072.5015856
07.May.25,11986.74146398
08.May.25,11447.00199746
09.May.25,9320.55333591
12.May.25,8646.82046819
13.May.25,6612.33790611
14.May.25,5446.48701627
15.May.25,4799.62197152
16.May.25,4468.44604972
19.May.25,3500.90048293
20.May.25,3410.14200874
21.May.25,3853.68249815
22.May.25,3629.74611106
23.May.25,2365.04216115
26.May.25,3072.81661283
27.May.25,2160.09689179
28.May.25,3408.78542875
29.May.25,2664.65570619
30.May.25,1461.62851223
02.Jun.25,14085.14265367
03.Jun.25,13212.82382222
04.Jun.25,12566.23629811
05.Jun.25,11865.03447371
06.Jun.25,11044.35232648
09.Jun.25,9891.35961188
10.Jun.25,8972.5372199
11.Jun.25,7922.97220136
12.Jun.25,7171.99520824
13.Jun.25,5819.26819497
16.Jun.25,6051.30551603
17.Jun.25,5983.19015323
18.Jun.25,5690.40695363
19.Jun.25,4693.98833094
20.Jun.25,4035.8837454
23.Jun.25,3014.68612383
24.Jun.25,2282.97396853
25.Jun.25,2621.41654424
26.Jun.25,2511.29367874
27.Jun.25,1912.58917467
30.Jun.25,2132.65986402
01.Jul.25,14178.48620714
02.Jul.25,12973.5310739
03.Jul.25,12013.26637377
04.Jul.25,9594.20629032
07.Jul.25,9806.25835917
08.Jul.25,8772.85540181
09.Jul.25,8780.4141289
10.Jul.25,8424.20393808
11.Jul.25,6978.13010817
14.Jul.25,6534.33059974
15.Jul.25,6477.05123903
16.Jul.25,6156.90609736
17.Jul.25,5489.6283945
18.Jul.25,5457.67814308
21.Jul.25,3745.79130823
22.Jul.25,2984.62664089
23.Jul.25,n.d.
24.Jul.25,2289.49269321
25.Jul.25,2359.10145792
28.Jul.25,n.d.
29.Jul.25,n.d.
30.Jul.25,2536.44999099
31.Jul.25,1193.90617484
01.Ago.25,12461.29403998
04.Ago.25,11460.34155254
05.Ago.25,10355.14229357
06.Ago.25,n.d.
07.Ago.25,9509.50631793
08.Ago.25,9062.45067504
11.Ago.25,7671.11265724
12.Ago.25,9593.42350582
13.Ago.25,8346.55797703
14.Ago.25,6222.5643496
15.Ago.25,4363.63984496
18.Ago.25,4792.01818331
19.Ago.25,4496.83763646
20.Ago.25,3903.57339028
21.Ago.25,3273.81969707
22.Ago.25,3162.58685515
25.Ago.25,2963.08120161
26.Ago.25,2203.18788073
27.Ago.25,2434.71077621
28.Ago.25,1495.42517664
29.Ago.25,2008.66993906
01.Set.25,13878.40064503
02.Set.25,13629.40308833
03.Set.25,12128.56932868
04.Set.25,11640.79044929
05.Set.25,9434.14384836
08.Set.25,8756.37073946
09.Set.25,7672.6408659
10.Set.25,7083.10794674
11.Set.25,6191.00724277
12.Set.25,5502.59521685
15.Set.25,6234.36439504
16.Set.25,6480.16924827
17.Set.25,6189.35058524
18.Set.25,5795.1199437
19.Set.25,5049.14876656
22.Set.25,4025.76872018
23.Set.25,3156.40546209
24.Set.25,2678.03806541
25.Set.25,1995.48785084
26.Set.25,1264.26714732
29.Set.25,3202.98922891
30.Set.25,1098.06841378
01.Oct.25,13707.73319513
02.Oct.25,13173.50113175
03.Oct.25,11616.96306023
06.Oct.25,11194.71919511
07.Oct.25,11001.23554642
08.Oct.25,n.d.
09.Oct.25,9787.32863555
10.Oct.25,8293.48083411
13.Oct.25,6505.40463988
14.Oct.25,5008.12905227
15.Oct.25,4653.03539582
16.Oct.25,4906.52804767
17.Oct.25,4399.80995916
20.Oct.25,4364.4609999
21.Oct.25,3669.0603672
22.Oct.25,3119.72135066
23.Oct.25,3007.84697854
24.Oct.25,3145.01255319
27.Oct.25,3742.90700185
28.Oct.25,3081.02651529
29.Oct.25,2345.6016567
30.Oct.25,1967.71716002
31.Oct.25,1468.46887449
03.Nov.25,13908.62663201
04.Nov.25,13967.541632
05.Nov.25,14065.71784355
06.Nov.25,13104.24450575
07.Nov.25,13122.65736092
10.Nov.25,10028.83277978
11.Nov.25,7875.60495063
12.Nov.25,7149.05215809
13.Nov.25,6742.47120053
14.Nov.25,5422.92000146
17.Nov.25,5456.44094517
18.Nov.25,4965.94634049
19.Nov.25,4828.99101374
20.Nov.25,4481.12652574
21.Nov.25,3321.14337217
24.Nov.25,3253.05487053
25.Nov.25,4324.0390608
26.Nov.25,3852.82685356
27.Nov.25,2907.90529526
28.Nov.25,2072.37472973
01.Dic.25,13582.87177148
02.Dic.25,13718.9827235
03.Dic.25,13074.84424709
04.Dic.25,13048.7091335
05.Dic.25,11881.98060851
08.Dic.25,n.d.
09.Dic.25,n.d.
10.Dic.25,10296.11963133
11.Dic.25,9690.44213252
12.Dic.25,8292.31156967
15.Dic.25,7472.04291613
16.Dic.25,6664.08440599
17.Dic.25,5998.6935673
18.Dic.25,6813.04986843
19.Dic.25,4743.89307683
22.Dic.25,6214.43350977
23.Dic.25,3851.27159626
24.Dic.25,2829.59167804
25.Dic.25,n.d.
26.Dic.25,n.d.
29.Dic.25,3402.61515277
30.Dic.25,2470.93754967
31.Dic.25,3474.59613062
