fecha_bcrp,depositos_sector_publico_saldo_exo
01.Ene.15,n.d.
02.Ene.15,n.d.
05.Ene.15,36100.94908496
06.Ene.15,35732.05324817
07.Ene.15,35657.86342492
08.Ene.15,35824.12541941
09.Ene.15,36490.89079349
12.Ene.15,36375.93242705
13.Ene.15,36450.9282639
14.Ene.15,36777.09872214
15.Ene.15,37296.44425491
16.Ene.15,37708.4997049
19.Ene.15,37628.97076736
20.Ene.15,37771.60140291
21.Ene.15,38687.47269434
22.Ene.15,38760.20490725
23.Ene.15,38860.12418478
26.Ene.15,38823.25053172
27.Ene.15,38585.38288547
28.Ene.15,38253.02265446
29.Ene.15,38021.63308035
30.Ene.15,37562.44578824
02.Feb.15,37403.56479842
03.Feb.15,37310.12604762
04.Feb.15,37213.36838473
05.Feb.15,37020.53861437
06.Feb.15,36893.64824785
09.Feb.15,36791.5080695
10.Feb.15,36950.730108
11.Feb.15,36015.50258904
12.Feb.15,36233.38988174
13.Feb.15,36351.84703169
16.Feb.15,37400.20299031
17.Feb.15,37699.38820731
18.Feb.15,37980.54755593
19.Feb.15,37948.19679789
20.Feb.15,38304.44140759
23.Feb.15,38404.85709255
24.Feb.15,38164.59772586
25.Feb.15,37920.10299961
26.Feb.15,37659.84956972
27.Feb.15,37634.00507242
02.Mar.15,37679.50295711
03.Mar.15,37564.51867296
04.Mar.15,37443.44893697
05.Mar.15,37236.52830411
06.Mar.15,37138.71307704
09.Mar.15,37155.89155834
10.Mar.15,37207.41766627
11.Mar.15,37206.94132358
12.Mar.15,37640.33514647
13.Mar.15,37655.51175244
16.Mar.15,38196.82520074
17.Mar.15,38263.71385278
18.Mar.15,38361.37149563
19.Mar.15,38603.51973827
20.Mar.15,38876.42145083
23.Mar.15,38908.3906491
24.Mar.15,38927.02595826
25.Mar.15,39082.45678036
26.Mar.15,39040.09809103
27.Mar.15,38791.6688815
30.Mar.15,38724.37512847
31.Mar.15,38784.49069196
01.Abr.15,38879.76063977
02.Abr.15,n.d.
03.Abr.15,n.d.
06.Abr.15,39104.32205487
07.Abr.15,39008.55879389
08.Abr.15,39330.9477724
09.Abr.15,40219.85764612
10.Abr.15,40290.99925149
13.Abr.15,40371.72031063
14.Abr.15,40568.0358871
15.Abr.15,40945.98430626
16.Abr.15,41415.08966273
17.Abr.15,41820.5080155
20.Abr.15,42323.58013171
21.Abr.15,42553.55374288
22.Abr.15,42647.92065415
23.Abr.15,42755.8138088
24.Abr.15,42501.01461159
27.Abr.15,42421.77360398
28.Abr.15,42105.63573447
29.Abr.15,41815.33618238
30.Abr.15,41545.75854601
01.May.15,n.d.
04.May.15,40959.28754954
05.May.15,40765.50888112
06.May.15,40506.44731654
07.May.15,40781.03895553
08.May.15,40581.05629346
11.May.15,40461.71368321
12.May.15,40492.75141743
13.May.15,40274.74629153
14.May.15,40599.58794283
15.May.15,40404.01376342
18.May.15,40749.21727071
19.May.15,41093.61301921
20.May.15,41068.27280488
21.May.15,41194.37021157
22.May.15,41325.87437693
25.May.15,41207.75796957
26.May.15,41120.14553325
27.May.15,40657.85288732
28.May.15,40450.74592808
29.May.15,40262.82193412
01.Jun.15,40318.2124808
02.Jun.15,40158.06287161
03.Jun.15,39525.07637154
04.Jun.15,39287.87973547
05.Jun.15,39090.41080258
08.Jun.15,39117.43512514
09.Jun.15,39216.98618806
10.Jun.15,39002.0463613
11.Jun.15,39473.05506093
12.Jun.15,39255.78341091
15.Jun.15,39894.1362894
16.Jun.15,40224.2655836
17.Jun.15,40417.38360941
18.Jun.15,40514.90625555
19.Jun.15,40590.88702173
22.Jun.15,40669.08120907
23.Jun.15,40664.88852104
24.Jun.15,39968.55229353
25.Jun.15,39727.92564866
26.Jun.15,39448.5599709
29.Jun.15,n.d.
30.Jun.15,39232.92256931
01.Jul.15,39386.6457889
02.Jul.15,39273.64765634
03.Jul.15,38920.05899614
06.Jul.15,38837.78673205
07.Jul.15,38943.76993423
08.Jul.15,38286.0612398
09.Jul.15,38674.25850191
10.Jul.15,38719.84868409
13.Jul.15,39064.12555133
14.Jul.15,38477.25018294
15.Jul.15,38788.63395381
16.Jul.15,38902.24773016
17.Jul.15,39115.36162564
20.Jul.15,39134.11578459
21.Jul.15,39475.83778622
22.Jul.15,39023.87547386
23.Jul.15,38798.7887376
24.Jul.15,38439.47296085
27.Jul.15,n.d.
28.Jul.15,n.d.
29.Jul.15,n.d.
30.Jul.15,38112.68458852
31.Jul.15,37568.15086032
03.Ago.15,37316.33219579
04.Ago.15,37121.62884275
05.Ago.15,37138.42301709
06.Ago.15,36427.12365543
07.Ago.15,36373.38435498
10.Ago.15,36293.34011015
11.Ago.15,34906.35641418
12.Ago.15,35046.18872455
13.Ago.15,35126.77140896
14.Ago.15,35028.03762849
17.Ago.15,35583.86456123
18.Ago.15,36173.02023017
19.Ago.15,36033.86461963
20.Ago.15,35994.55621668
21.Ago.15,36256.18831044
24.Ago.15,35825.85931382
25.Ago.15,35597.57050955
26.Ago.15,35454.84505119
27.Ago.15,35189.95884009
28.Ago.15,34903.04067965
31.Ago.15,34720.55223132
01.Set.15,34806.01229159
02.Set.15,34747.53674621
03.Set.15,34469.70363711
04.Set.15,33861.1683839
07.Set.15,33693.74975915
08.Set.15,33659.27762651
09.Set.15,33710.20618923
10.Set.15,34050.32138008
11.Set.15,34139.67824929
14.Set.15,34349.27790184
15.Set.15,34814.88820776
16.Set.15,34914.83709734
17.Set.15,35117.49074536
18.Set.15,35280.05565367
21.Set.15,35384.67173933
22.Set.15,35511.23086149
23.Set.15,35314.71423386
24.Set.15,34915.11148882
25.Set.15,34695.53084891
28.Set.15,34419.65763474
29.Set.15,34043.66954957
30.Set.15,33692.61041109
01.Oct.15,33829.17829893
02.Oct.15,33313.04408787
05.Oct.15,33062.72779139
06.Oct.15,32671.10606105
07.Oct.15,32424.98184806
08.Oct.15,n.d.
09.Oct.15,n.d.
12.Oct.15,32419.05649301
13.Oct.15,32592.1208977
14.Oct.15,32823.79343729
15.Oct.15,33212.08532005
16.Oct.15,33814.56603447
19.Oct.15,33621.12068793
20.Oct.15,33950.41085671
21.Oct.15,34296.40774687
22.Oct.15,34084.92297914
23.Oct.15,33535.57192474
26.Oct.15,33230.29205337
27.Oct.15,32942.3894069
28.Oct.15,32550.48731746
29.Oct.15,32197.14539262
30.Oct.15,31477.89467117
02.Nov.15,31256.71782519
03.Nov.15,31045.7131514
04.Nov.15,30916.41221593
05.Nov.15,30877.0725457
06.Nov.15,30711.54183973
09.Nov.15,30507.16298019
10.Nov.15,30467.45812746
11.Nov.15,30516.03494935
12.Nov.15,31029.93789748
13.Nov.15,30544.47541483
16.Nov.15,31406.02558415
17.Nov.15,31853.273463
18.Nov.15,32127.09600612
19.Nov.15,31976.31823334
20.Nov.15,32003.13582966
23.Nov.15,32117.04037276
24.Nov.15,31891.52443828
25.Nov.15,31289.86293767
26.Nov.15,30459.86532114
27.Nov.15,30421.97383269
30.Nov.15,30000.27355161
01.Dic.15,30534.23271785
02.Dic.15,30376.53913868
03.Dic.15,29918.70529974
04.Dic.15,29635.23005854
07.Dic.15,29553.29244241
08.Dic.15,n.d.
09.Dic.15,29298.8670268
10.Dic.15,30027.24599959
11.Dic.15,29718.49330708
14.Dic.15,29694.63659862
15.Dic.15,29566.86541654
16.Dic.15,29451.60700565
17.Dic.15,29067.52852668
18.Dic.15,29658.88871145
21.Dic.15,29839.03476307
22.Dic.15,33657.94575138
23.Dic.15,33244.156258
24.Dic.15,33313.11334587
25.Dic.15,n.d.
28.Dic.15,32672.9190706
29.Dic.15,31644.254637
30.Dic.15,31275.79435006
31.Dic.15,30694.2045643
01.Ene.16,n.d.
04.Ene.16,29922.09451797
05.Ene.16,29131.0902591
06.Ene.16,28626.91625455
07.Ene.16,28546.31037482
08.Ene.16,28280.283506
11.Ene.16,28248.58324201
12.Ene.16,28057.17094063
13.Ene.16,28087.35226584
14.Ene.16,28281.85363254
15.Ene.16,28255.27122001
18.Ene.16,28821.88765243
19.Ene.16,29017.51556506
20.Ene.16,29178.68223204
21.Ene.16,28685.32413102
22.Ene.16,29199.42469956
25.Ene.16,29632.65245131
26.Ene.16,29812.03770465
27.Ene.16,29560.14810851
28.Ene.16,29151.49176105
29.Ene.16,28629.1556563
01.Feb.16,28563.4399816
02.Feb.16,28221.1966078
03.Feb.16,27900.93912315
04.Feb.16,27435.6819195
05.Feb.16,27977.61918737
08.Feb.16,27772.40023988
09.Feb.16,26924.51089897
10.Feb.16,26509.68682845
11.Feb.16,25204.29181952
12.Feb.16,25199.04780525
15.Feb.16,25551.66345324
16.Feb.16,25665.63439064
17.Feb.16,26021.16622151
18.Feb.16,26160.85525198
19.Feb.16,27266.26875277
22.Feb.16,27189.46263315
23.Feb.16,27130.5183369
24.Feb.16,26885.36576444
25.Feb.16,26694.31963259
26.Feb.16,26988.79408323
29.Feb.16,26629.59901012
01.Mar.16,26680.37621409
02.Mar.16,26338.61915225
03.Mar.16,26295.37327261
04.Mar.16,25914.22802864
07.Mar.16,25544.86900267
08.Mar.16,25936.99726841
09.Mar.16,25835.55762249
10.Mar.16,26335.19112016
11.Mar.16,26204.76697573
14.Mar.16,25870.19891555
15.Mar.16,26400.74759675
16.Mar.16,26641.00356532
17.Mar.16,27779.79032508
18.Mar.16,28533.84943737
21.Mar.16,28996.94148442
22.Mar.16,29111.50382344
23.Mar.16,29031.02904767
24.Mar.16,n.d.
25.Mar.16,n.d.
28.Mar.16,29069.02366009
29.Mar.16,28601.19145479
30.Mar.16,28740.82001524
31.Mar.16,28315.0360177
01.Abr.16,28951.13539712
04.Abr.16,29185.59594295
05.Abr.16,29001.72697055
06.Abr.16,29090.41556914
07.Abr.16,29492.38060706
08.Abr.16,29987.9925278
11.Abr.16,29870.39384379
12.Abr.16,29309.7336283
13.Abr.16,29258.23709762
14.Abr.16,29521.81089746
15.Abr.16,30527.26898816
18.Abr.16,30924.35437058
19.Abr.16,31586.43522015
20.Abr.16,31979.28016287
21.Abr.16,32571.89094673
22.Abr.16,32852.81891056
25.Abr.16,32821.16330927
26.Abr.16,32585.23546443
27.Abr.16,32216.93272205
28.Abr.16,31790.28141174
29.Abr.16,31825.3850646
02.May.16,31810.67379233
03.May.16,31333.1519591
04.May.16,31103.34527894
05.May.16,30444.83564025
06.May.16,30421.24211048
09.May.16,30150.06331312
10.May.16,30137.89344158
11.May.16,29805.66003442
12.May.16,30330.19984688
13.May.16,30708.38978362
16.May.16,31201.54663748
17.May.16,31359.08057223
18.May.16,31990.33715658
19.May.16,31995.59298992
20.May.16,32454.69616867
23.May.16,32803.02988603
24.May.16,32690.08659066
25.May.16,32446.28396419
26.May.16,32273.67414052
27.May.16,32524.24905436
30.May.16,32271.43806829
31.May.16,31976.1538194
01.Jun.16,32132.70906994
02.Jun.16,32009.31089127
03.Jun.16,32606.55913551
06.Jun.16,31909.11907745
07.Jun.16,31650.23207694
08.Jun.16,31684.01128028
09.Jun.16,31851.74710571
10.Jun.16,32155.16288033
13.Jun.16,31973.7427747
14.Jun.16,31912.69981962
15.Jun.16,32249.45816943
16.Jun.16,32195.51326511
17.Jun.16,33316.26828181
20.Jun.16,32849.81150661
21.Jun.16,33474.57323229
22.Jun.16,33464.52665898
23.Jun.16,33580.74115414
24.Jun.16,33534.2960795
27.Jun.16,33066.794934
28.Jun.16,32822.7794048
29.Jun.16,n.d.
30.Jun.16,32590.63094988
01.Jul.16,33234.40132211
04.Jul.16,33116.95757359
05.Jul.16,32740.54698203
06.Jul.16,32503.28243344
07.Jul.16,32193.80902454
08.Jul.16,32178.43067578
11.Jul.16,31764.13035979
12.Jul.16,31302.7884108
13.Jul.16,31140.10427103
14.Jul.16,30685.31974385
15.Jul.16,31207.67823647
18.Jul.16,31266.81309484
19.Jul.16,31897.75337573
20.Jul.16,32092.50159171
21.Jul.16,32447.1356428
22.Jul.16,32233.28209696
25.Jul.16,31927.99317008
26.Jul.16,31062.71968472
27.Jul.16,30441.02230772
28.Jul.16,n.d.
29.Jul.16,n.d.
01.Ago.16,30534.41045996
02.Ago.16,30210.259963
03.Ago.16,29848.31611741
04.Ago.16,29792.92768299
05.Ago.16,30003.5019701
08.Ago.16,29658.09952843
09.Ago.16,29336.81217481
10.Ago.16,29079.64293954
11.Ago.16,27483.41016385
12.Ago.16,27622.10150849
15.Ago.16,27974.59319481
16.Ago.16,27966.92892739
17.Ago.16,28906.87838943
18.Ago.16,29228.10918591
19.Ago.16,29519.02832775
22.Ago.16,30057.50765042
23.Ago.16,29988.36815604
24.Ago.16,29572.4917144
25.Ago.16,29259.23552778
26.Ago.16,28954.81814414
29.Ago.16,28630.37712492
30.Ago.16,n.d.
31.Ago.16,28274.87228776
01.Set.16,28325.09500933
02.Set.16,28298.7199751
05.Set.16,27989.39642827
06.Set.16,27839.02617528
07.Set.16,27747.13851611
08.Set.16,27759.76959151
09.Set.16,27697.65624432
12.Set.16,27767.37444401
13.Set.16,27456.90702737
14.Set.16,27487.39601027
15.Set.16,27827.78376313
16.Set.16,27927.25462866
19.Set.16,28827.92799701
20.Set.16,28882.07958113
21.Set.16,29428.55661882
22.Set.16,29562.59868331
23.Set.16,29645.31343467
26.Set.16,29443.78113161
27.Set.16,29222.30230021
28.Set.16,28744.53015542
29.Set.16,28653.57121174
30.Set.16,28423.10493171
03.Oct.16,28534.32651495
04.Oct.16,27930.07141085
05.Oct.16,28045.93864452
06.Oct.16,27583.46866015
07.Oct.16,26514.31928049
10.Oct.16,26661.97462185
11.Oct.16,26393.78694692
12.Oct.16,26085.7573894
13.Oct.16,26028.7180169
14.Oct.16,26491.1924649
17.Oct.16,27079.667128
18.Oct.16,27240.49565856
19.Oct.16,28064.40286527
20.Oct.16,28320.3721445
21.Oct.16,29100.84241316
24.Oct.16,29109.95440383
25.Oct.16,28831.29736566
26.Oct.16,28577.29250754
27.Oct.16,28370.64872053
28.Oct.16,28711.29882544
31.Oct.16,27927.10263553
01.Nov.16,n.d.
02.Nov.16,28006.21925417
03.Nov.16,27923.5084436
04.Nov.16,28122.68689919
07.Nov.16,27753.82213653
08.Nov.16,27704.89478955
09.Nov.16,27767.68431301
10.Nov.16,27712.61173101
11.Nov.16,27260.0553538
14.Nov.16,26994.1846589
15.Nov.16,26747.86804967
16.Nov.16,27233.54442207
17.Nov.16,n.d.
18.Nov.16,n.d.
21.Nov.16,29044.36665884
22.Nov.16,29275.72774598
23.Nov.16,30176.28498146
24.Nov.16,30025.78320476
25.Nov.16,30039.83581544
28.Nov.16,29669.52125922
29.Nov.16,29339.2176141
30.Nov.16,29338.98070434
01.Dic.16,29718.53787518
02.Dic.16,30040.10543906
05.Dic.16,29817.39025486
06.Dic.16,28953.75072961
07.Dic.16,29187.16132253
08.Dic.16,n.d.
09.Dic.16,29134.24762373
12.Dic.16,28791.85371491
13.Dic.16,28443.80933441
14.Dic.16,28182.73168691
15.Dic.16,28455.78692636
16.Dic.16,29187.0758039
19.Dic.16,28744.68305313
20.Dic.16,29766.09129815
21.Dic.16,30379.84714834
22.Dic.16,30090.94841536
23.Dic.16,30691.55586469
26.Dic.16,30411.41355047
27.Dic.16,30183.92188976
28.Dic.16,29637.25075233
29.Dic.16,29024.15639218
30.Dic.16,28466.76839579
02.Ene.17,28229.92769128
03.Ene.17,26764.91825242
04.Ene.17,26579.61309559
05.Ene.17,26344.15201282
06.Ene.17,26736.26786768
09.Ene.17,26613.2029625
10.Ene.17,26309.61059392
11.Ene.17,25938.61893331
12.Ene.17,25881.59248281
13.Ene.17,25976.10062805
16.Ene.17,26513.46698382
17.Ene.17,26722.28906046
18.Ene.17,27822.81011681
19.Ene.17,28016.20117727
20.Ene.17,27641.10398478
23.Ene.17,28237.6822981
24.Ene.17,28452.78779114
25.Ene.17,28184.43854573
26.Ene.17,27960.37033759
27.Ene.17,27713.15383844
30.Ene.17,27355.31709186
31.Ene.17,26821.28507623
01.Feb.17,27086.4398692
02.Feb.17,26754.61187256
03.Feb.17,26933.30118465
06.Feb.17,26811.99737928
07.Feb.17,26951.13186572
08.Feb.17,26928.99498658
09.Feb.17,27371.84952192
10.Feb.17,25403.93052963
13.Feb.17,25347.80065663
14.Feb.17,25043.04064917
15.Feb.17,25352.46349572
16.Feb.17,25789.60131957
17.Feb.17,26318.04579466
20.Feb.17,26963.25566183
21.Feb.17,27385.81468856
22.Feb.17,27530.97901878
23.Feb.17,27271.37067887
24.Feb.17,27159.03086692
27.Feb.17,26829.6489162
28.Feb.17,26369.96273446
01.Mar.17,26573.38529326
02.Mar.17,26571.51937754
03.Mar.17,26703.35076104
06.Mar.17,26443.43408054
07.Mar.17,26399.47172335
08.Mar.17,26534.93950778
09.Mar.17,26457.86997379
10.Mar.17,26411.87241155
13.Mar.17,26129.38215505
14.Mar.17,26057.44993712
15.Mar.17,26482.54441654
16.Mar.17,27007.80079408
17.Mar.17,27889.20387182
20.Mar.17,28524.61577374
21.Mar.17,29098.07818562
22.Mar.17,29288.19897936
23.Mar.17,29468.54920793
24.Mar.17,29094.51554508
27.Mar.17,28957.19616545
28.Mar.17,28918.43281089
29.Mar.17,28725.24876404
30.Mar.17,28657.67819979
31.Mar.17,29210.57830782
03.Abr.17,29546.22289617
04.Abr.17,29312.37802087
05.Abr.17,29350.63323444
06.Abr.17,29862.05473732
07.Abr.17,30389.60819019
10.Abr.17,29824.39304483
11.Abr.17,29713.43395145
12.Abr.17,29286.70124205
13.Abr.17,n.d.
14.Abr.17,n.d.
17.Abr.17,29718.15350208
18.Abr.17,29521.97232038
19.Abr.17,30032.01422978
20.Abr.17,30358.71630237
21.Abr.17,31585.67891415
24.Abr.17,32050.47641159
25.Abr.17,32150.49832815
26.Abr.17,32544.71477861
27.Abr.17,32311.48356216
28.Abr.17,32352.10674169
01.May.17,n.d.
02.May.17,32524.30688883
03.May.17,31906.96419071
04.May.17,31691.45587684
05.May.17,32535.01017268
08.May.17,32409.013416
09.May.17,32313.92163213
10.May.17,32001.24051717
11.May.17,31802.94498639
12.May.17,32079.63354877
15.May.17,32165.72961226
16.May.17,32152.64414385
17.May.17,32495.77403075
18.May.17,32456.70995766
19.May.17,33399.45396807
22.May.17,33757.40868299
23.May.17,34142.11822728
24.May.17,34007.55402963
25.May.17,33661.22922298
26.May.17,33404.32570045
29.May.17,32981.95192065
30.May.17,32524.73360347
31.May.17,32172.03203012
01.Jun.17,32435.29414521
02.Jun.17,32468.97529729
05.Jun.17,32343.07468903
06.Jun.17,32162.24614529
07.Jun.17,32058.22269338
08.Jun.17,32329.6286652
09.Jun.17,32277.19022969
12.Jun.17,32116.86162816
13.Jun.17,32073.3617562
14.Jun.17,32280.35314942
15.Jun.17,32451.61482506
16.Jun.17,33163.75171769
19.Jun.17,33568.62227346
20.Jun.17,33578.57262043
21.Jun.17,33606.7456529
22.Jun.17,34092.38094885
23.Jun.17,34187.27934931
26.Jun.17,33845.19664778
27.Jun.17,33135.76114388
28.Jun.17,32521.82677676
29.Jun.17,n.d.
30.Jun.17,n.d.
03.Jul.17,32507.11680929
04.Jul.17,32685.71768519
05.Jul.17,33043.65395998
06.Jul.17,33498.94673175
07.Jul.17,33231.11904764
10.Jul.17,32960.98904027
11.Jul.17,32806.2275743
12.Jul.17,32695.16884329
13.Jul.17,32481.69794453
14.Jul.17,32257.13948282
17.Jul.17,32090.75598856
18.Jul.17,32123.73672227
19.Jul.17,32552.43030195
20.Jul.17,33017.16472349
21.Jul.17,36645.77217173
24.Jul.17,36393.00111429
25.Jul.17,35712.21906362
26.Jul.17,34835.89472581
27.Jul.17,n.d.
28.Jul.17,n.d.
31.Jul.17,34398.02469653
01.Ago.17,34138.82842018
02.Ago.17,34110.55095576
03.Ago.17,33716.74135302
04.Ago.17,33757.94549369
07.Ago.17,33609.75539633
08.Ago.17,33564.35177123
09.Ago.17,33398.48924808
10.Ago.17,33665.7496737
11.Ago.17,30525.07513124
14.Ago.17,30751.13171352
15.Ago.17,31003.98634295
16.Ago.17,31309.15219892
17.Ago.17,32303.12163571
18.Ago.17,32563.4471493
21.Ago.17,33197.69047402
22.Ago.17,33197.05683395
23.Ago.17,33047.17805769
24.Ago.17,32652.6995565
25.Ago.17,32268.78601177
28.Ago.17,31608.52952118
29.Ago.17,31221.33255872
30.Ago.17,n.d.
31.Ago.17,30916.73510282
01.Set.17,30789.91630994
04.Set.17,30515.07669071
05.Set.17,30156.09194877
06.Set.17,29920.33430847
07.Set.17,29426.61004336
08.Set.17,29595.1286148
11.Set.17,29304.22732235
12.Set.17,29046.38000124
13.Set.17,28737.25903226
14.Set.17,28729.64817689
15.Set.17,29554.95099913
18.Set.17,29699.07153152
19.Set.17,29700.9460389
20.Set.17,30487.84032289
21.Set.17,31215.8289381
22.Set.17,31850.95693288
25.Set.17,31882.91205712
26.Set.17,31539.68357628
27.Set.17,31235.27429016
28.Set.17,30903.59977565
29.Set.17,30316.41503671
02.Oct.17,30398.90828343
03.Oct.17,30075.36473501
04.Oct.17,29867.99654816
05.Oct.17,29843.55279647
06.Oct.17,29797.69097259
09.Oct.17,29804.14736071
10.Oct.17,29446.19451882
11.Oct.17,29109.86265515
12.Oct.17,29079.64325055
13.Oct.17,29276.10876679
16.Oct.17,29429.97925284
17.Oct.17,29626.23799224
18.Oct.17,30061.75632335
19.Oct.17,30454.645918
20.Oct.17,30727.92052143
23.Oct.17,31235.94511946
24.Oct.17,31214.47193994
25.Oct.17,30629.15039949
26.Oct.17,30120.26525797
27.Oct.17,29773.39142956
30.Oct.17,29703.64349808
31.Oct.17,28966.80037601
01.Nov.17,n.d.
02.Nov.17,28835.26139928
03.Nov.17,28712.0741846
06.Nov.17,28830.8896075
07.Nov.17,28412.56064853
08.Nov.17,28516.76857169
09.Nov.17,28574.28093653
10.Nov.17,28425.65702405
13.Nov.17,28287.39242842
14.Nov.17,28087.06289783
15.Nov.17,28174.60736249
16.Nov.17,28777.84988654
17.Nov.17,28809.08616552
20.Nov.17,29338.74575678
21.Nov.17,29558.04633238
22.Nov.17,29939.37115336
23.Nov.17,30186.46065943
24.Nov.17,30422.7561472
27.Nov.17,30061.90444601
28.Nov.17,29856.65983964
29.Nov.17,29474.11862483
30.Nov.17,29667.06769841
01.Dic.17,30426.07522949
04.Dic.17,31056.60573886
05.Dic.17,32384.6886094
06.Dic.17,32832.73163939
07.Dic.17,33329.91882858
08.Dic.17,n.d.
11.Dic.17,34075.08197039
12.Dic.17,34982.24999974
13.Dic.17,34974.29809483
14.Dic.17,35080.45731984
15.Dic.17,34880.03521249
18.Dic.17,34911.76103339
19.Dic.17,35096.00971088
20.Dic.17,35300.20565349
21.Dic.17,35822.41997404
22.Dic.17,36126.77971446
25.Dic.17,n.d.
26.Dic.17,36479.01051286
27.Dic.17,36694.14821804
28.Dic.17,36360.9851902
29.Dic.17,42169.08038456
01.Ene.18,n.d.
02.Ene.18,n.d.
03.Ene.18,42054.62379699
04.Ene.18,41443.86096057
05.Ene.18,40479.272092
08.Ene.18,40178.13976164
09.Ene.18,39437.83783679
10.Ene.18,39365.82655501
11.Ene.18,39518.75652649
12.Ene.18,39150.85148767
15.Ene.18,38670.00646731
16.Ene.18,39005.58364589
17.Ene.18,39321.10357803
18.Ene.18,39479.83453734
19.Ene.18,40363.20342567
22.Ene.18,40960.78033754
23.Ene.18,41273.41932297
24.Ene.18,41398.91568023
25.Ene.18,40903.62877184
26.Ene.18,40753.95690893
29.Ene.18,40182.84727246
30.Ene.18,39419.60118429
31.Ene.18,38740.72470354
01.Feb.18,38431.16747343
02.Feb.18,38487.56920703
05.Feb.18,38221.28517109
06.Feb.18,37913.67933333
07.Feb.18,37956.53354009
08.Feb.18,38065.73096658
09.Feb.18,34310.12234791
12.Feb.18,34361.33847967
13.Feb.18,34225.39747986
14.Feb.18,34369.47691408
15.Feb.18,34680.79247754
16.Feb.18,34860.53642998
19.Feb.18,35206.7209585
20.Feb.18,35278.20053936
21.Feb.18,36519.23020933
22.Feb.18,36991.09104399
23.Feb.18,37385.19256422
26.Feb.18,36850.46236821
27.Feb.18,36587.51934061
28.Feb.18,36419.62857664
01.Mar.18,36682.3950543
02.Mar.18,36574.15570195
05.Mar.18,36129.91841024
06.Mar.18,35958.78140696
07.Mar.18,35589.6877596
08.Mar.18,36139.65945425
09.Mar.18,36011.42692866
12.Mar.18,36216.59794832
13.Mar.18,36061.73867258
14.Mar.18,36008.31009615
15.Mar.18,36315.83764311
16.Mar.18,36750.1910571
19.Mar.18,37573.06501543
20.Mar.18,37868.21623339
21.Mar.18,38775.8867156
22.Mar.18,39115.12096616
23.Mar.18,39099.73350974
26.Mar.18,39043.54666488
27.Mar.18,39017.09246555
28.Mar.18,39330.18923522
29.Mar.18,n.d.
30.Mar.18,n.d.
02.Abr.18,39764.4299092
03.Abr.18,39699.99619769
04.Abr.18,39375.72875595
05.Abr.18,39493.27143756
06.Abr.18,40649.35976113
09.Abr.18,40814.557267
10.Abr.18,41182.31186285
11.Abr.18,41097.61209298
12.Abr.18,41208.34831073
13.Abr.18,n.d.
16.Abr.18,41681.32636069
17.Abr.18,42430.06036998
18.Abr.18,43006.1107405
19.Abr.18,43742.23135543
20.Abr.18,44410.67903954
23.Abr.18,45896.85386158
24.Abr.18,45142.5950192
25.Abr.18,44780.03399714
26.Abr.18,44562.40531301
27.Abr.18,43902.00524156
30.Abr.18,43306.67920479
01.May.18,n.d.
02.May.18,42958.62444933
03.May.18,42171.31075206
04.May.18,41916.50055829
07.May.18,41833.93312004
08.May.18,41760.66039009
09.May.18,41727.91691271
10.May.18,41302.29211927
11.May.18,40958.26697802
14.May.18,40834.55211645
15.May.18,40408.51321153
16.May.18,41028.45114677
17.May.18,41246.44419084
18.May.18,41774.42782525
21.May.18,42522.23773657
22.May.18,42778.9097488
23.May.18,43092.86109316
24.May.18,43010.51570079
25.May.18,42687.79162924
28.May.18,42517.86223724
29.May.18,42250.74157771
30.May.18,42126.59883931
31.May.18,42112.0163865
01.Jun.18,41927.18043215
04.Jun.18,41899.08237675
05.Jun.18,41761.54689293
06.Jun.18,41551.07210711
07.Jun.18,41742.70052036
08.Jun.18,41586.42199572
11.Jun.18,41586.95430685
12.Jun.18,41381.7575735
13.Jun.18,41085.94591217
14.Jun.18,41367.40426366
15.Jun.18,41862.98553422
18.Jun.18,41887.93224253
19.Jun.18,41628.87123894
20.Jun.18,42529.63033096
21.Jun.18,43129.38045781
22.Jun.18,43792.61811024
25.Jun.18,43668.42935933
26.Jun.18,42967.64402062
27.Jun.18,42958.07168585
28.Jun.18,42762.15502357
29.Jun.18,42762.15502357
02.Jul.18,43194.21571156
03.Jul.18,42888.15474367
04.Jul.18,42722.85572857
05.Jul.18,43054.38453927
06.Jul.18,42687.49575265
09.Jul.18,42554.90644713
10.Jul.18,42311.7079608
11.Jul.18,42281.57598992
12.Jul.18,42051.06713734
13.Jul.18,42219.23008821
16.Jul.18,42544.62023698
17.Jul.18,42517.67232947
18.Jul.18,42945.50984878
19.Jul.18,43579.02274645
20.Jul.18,44185.91917335
23.Jul.18,45066.64648942
24.Jul.18,45621.44409787
25.Jul.18,45141.28000751
26.Jul.18,44453.93106422
27.Jul.18,n.d.
30.Jul.18,44674.76784665
31.Jul.18,44589.63263601
01.Ago.18,44101.02469158
02.Ago.18,43899.97280458
03.Ago.18,43462.53046241
06.Ago.18,43210.0810304
07.Ago.18,43282.85490442
08.Ago.18,43393.97744678
09.Ago.18,43494.05894
10.Ago.18,40855.5278857
13.Ago.18,40995.27648262
14.Ago.18,41152.73641395
15.Ago.18,41484.35710374
16.Ago.18,42199.03131404
17.Ago.18,42316.87156633
20.Ago.18,42552.42300032
21.Ago.18,42916.41340858
22.Ago.18,42776.61424635
23.Ago.18,43127.55055217
24.Ago.18,43160.4352557
27.Ago.18,42874.96070567
28.Ago.18,42364.56238019
29.Ago.18,41822.91382319
30.Ago.18,n.d.
31.Ago.18,n.d.
03.Set.18,42191.71035959
04.Set.18,42343.33377107
05.Set.18,42281.29564178
06.Set.18,42001.73548888
07.Set.18,41844.71364789
10.Set.18,41973.78410049
11.Set.18,41599.96347454
12.Set.18,41336.46786094
13.Set.18,40977.54956966
14.Set.18,41028.35509452
17.Set.18,41535.13697465
18.Set.18,41575.99490164
19.Set.18,42168.1422874
20.Set.18,42427.7997357
21.Set.18,43592.91442511
24.Set.18,43439.41035084
25.Set.18,43441.37778915
26.Set.18,42983.05040865
27.Set.18,42803.15800333
28.Set.18,42422.73231172
01.Oct.18,42576.13113364
02.Oct.18,42292.93256091
03.Oct.18,41638.20208637
04.Oct.18,41430.47108835
05.Oct.18,41226.7299476
08.Oct.18,n.d.
09.Oct.18,40577.60390131
10.Oct.18,40657.33473441
11.Oct.18,40667.46518474
12.Oct.18,40412.46711582
15.Oct.18,40543.01250956
16.Oct.18,40552.82085716
17.Oct.18,41355.91615544
18.Oct.18,41716.92866513
19.Oct.18,42540.9650432
22.Oct.18,42944.13797599
23.Oct.18,43495.41840645
24.Oct.18,43261.39304974
25.Oct.18,42638.09230939
26.Oct.18,42248.09522982
29.Oct.18,42411.09953258
30.Oct.18,42069.59901007
31.Oct.18,40888.33954112
01.Nov.18,n.d.
02.Nov.18,n.d.
05.Nov.18,41093.88963827
06.Nov.18,40747.85818045
07.Nov.18,40663.08214226
08.Nov.18,40651.74088034
09.Nov.18,40746.79431635
12.Nov.18,40608.62661905
13.Nov.18,39967.51731616
14.Nov.18,39622.14903393
15.Nov.18,39862.94719761
16.Nov.18,40820.47331447
19.Nov.18,41091.24470951
20.Nov.18,41022.28395477
21.Nov.18,42391.88846149
22.Nov.18,42475.0421797
23.Nov.18,43869.27813602
26.Nov.18,43509.53684802
27.Nov.18,42072.7808266
28.Nov.18,41613.85585996
29.Nov.18,41527.90296778
30.Nov.18,41200.91179756
03.Dic.18,41431.9027068
04.Dic.18,40696.95925756
05.Dic.18,41171.20387205
06.Dic.18,41483.74018076
07.Dic.18,41181.18240535
10.Dic.18,40854.84686216
11.Dic.18,40312.66323404
12.Dic.18,39918.18408026
13.Dic.18,39606.75027136
14.Dic.18,39290.15704474
17.Dic.18,39293.89954603
18.Dic.18,39460.46223464
19.Dic.18,39359.35967358
20.Dic.18,39490.31298927
21.Dic.18,39674.2410557
24.Dic.18,n.d.
25.Dic.18,n.d.
26.Dic.18,41664.1515916
27.Dic.18,40532.99666199
28.Dic.18,39771.23982972
31.Dic.18,39546.19861484
01.Ene.19,n.d.
02.Ene.19,39011.27888346
03.Ene.19,38625.2565512
04.Ene.19,38050.95528001
07.Ene.19,37587.22715202
08.Ene.19,37250.18311355
09.Ene.19,37347.04970048
10.Ene.19,37024.58709979
11.Ene.19,37083.43325237
14.Ene.19,37082.20153825
15.Ene.19,37485.0616125
16.Ene.19,37655.57353762
17.Ene.19,37889.57186397
18.Ene.19,38736.43899607
21.Ene.19,40017.26357727
22.Ene.19,40044.01171708
23.Ene.19,40741.98755759
24.Ene.19,40863.34697474
25.Ene.19,40799.17347332
28.Ene.19,40105.70339061
29.Ene.19,39715.46872154
30.Ene.19,39406.73375769
31.Ene.19,39082.35419679
01.Feb.19,39076.74806498
04.Feb.19,39575.9263624
05.Feb.19,39570.61455632
06.Feb.19,39065.94308305
07.Feb.19,39267.22601465
08.Feb.19,39288.55410427
11.Feb.19,37142.70747196
12.Feb.19,37411.65750312
13.Feb.19,37360.27275135
14.Feb.19,37637.16555171
15.Feb.19,37888.61185891
18.Feb.19,38156.20296013
19.Feb.19,38185.56267102
20.Feb.19,38934.24771099
21.Feb.19,39622.32455412
22.Feb.19,39781.26589557
25.Feb.19,40525.31793618
26.Feb.19,40441.407206
27.Feb.19,40136.01377101
28.Feb.19,40047.47359288
01.Mar.19,39835.27099482
04.Mar.19,40402.11448417
05.Mar.19,40034.26139908
06.Mar.19,39922.0297231
07.Mar.19,40144.87826658
08.Mar.19,40643.00897413
11.Mar.19,40853.94599011
12.Mar.19,40786.98469953
13.Mar.19,40781.37820207
14.Mar.19,40805.87253854
15.Mar.19,41107.90756015
18.Mar.19,42019.78829742
19.Mar.19,42382.0060112
20.Mar.19,42980.98307547
21.Mar.19,43846.87587689
22.Mar.19,44503.14461123
25.Mar.19,44821.69264482
26.Mar.19,45064.98005186
27.Mar.19,45123.83495534
28.Mar.19,45108.57826928
29.Mar.19,44687.21796987
01.Abr.19,44821.69664538
02.Abr.19,44824.2810323
03.Abr.19,44957.08670751
04.Abr.19,45447.64722261
05.Abr.19,45823.54303149
08.Abr.19,46424.84104191
09.Abr.19,46261.05324342
10.Abr.19,46235.75577619
11.Abr.19,46071.59000629
12.Abr.19,46201.04343637
15.Abr.19,46403.91651248
16.Abr.19,46602.70748517
17.Abr.19,47222.14654964
18.Abr.19,n.d.
19.Abr.19,n.d.
22.Abr.19,48438.09768402
23.Abr.19,49253.77888032
24.Abr.19,50051.23471919
25.Abr.19,50318.74098371
26.Abr.19,50099.38264319
29.Abr.19,49747.46460002
30.Abr.19,49063.40538544
01.May.19,n.d.
02.May.19,49474.89129102
03.May.19,48966.28904047
06.May.19,48503.90839836
07.May.19,48370.05111104
08.May.19,48364.76281683
09.May.19,48328.26499297
10.May.19,48128.54797621
13.May.19,48518.03721516
14.May.19,48522.17240747
15.May.19,48592.12499708
16.May.19,48910.71897601
17.May.19,49322.94439803
20.May.19,49895.70161086
21.May.19,50708.60499879
22.May.19,50943.17585756
23.May.19,51194.56327181
24.May.19,51444.56719502
27.May.19,50978.63514856
28.May.19,50789.36973906
29.May.19,50320.51698226
30.May.19,50243.52597418
31.May.19,50370.17095031
03.Jun.19,50565.64522846
04.Jun.19,50439.19552729
05.Jun.19,50260.92761391
06.Jun.19,50264.06638477
07.Jun.19,49652.82822722
10.Jun.19,49471.04543037
11.Jun.19,49442.74101157
12.Jun.19,49267.97083397
13.Jun.19,49165.31592009
14.Jun.19,49163.48801472
17.Jun.19,49246.80094695
18.Jun.19,49203.10428365
19.Jun.19,49940.17746246
20.Jun.19,50796.21724853
21.Jun.19,51410.26318449
24.Jun.19,51839.33594128
25.Jun.19,51621.22647236
26.Jun.19,51529.44409522
27.Jun.19,51599.87906469
28.Jun.19,51434.93499252
01.Jul.19,51556.30862801
02.Jul.19,51300.91075356
03.Jul.19,50988.82076212
04.Jul.19,50740.82344347
05.Jul.19,50668.14818701
08.Jul.19,50602.79219694
09.Jul.19,50212.30855999
10.Jul.19,50157.03667079
11.Jul.19,50014.3590485
12.Jul.19,50423.88790224
15.Jul.19,50450.2014831
16.Jul.19,50034.87962636
17.Jul.19,50527.47751428
18.Jul.19,50832.03489586
19.Jul.19,51302.24326588
22.Jul.19,52118.75727352
23.Jul.19,51792.55652683
24.Jul.19,51142.17138749
25.Jul.19,50367.94856707
26.Jul.19,50055.80786005
29.Jul.19,n.d.
30.Jul.19,n.d.
31.Jul.19,49906.09172945
01.Ago.19,49823.42838643
02.Ago.19,49504.23266784
05.Ago.19,49089.9233207
06.Ago.19,48945.60570476
07.Ago.19,48796.62125531
08.Ago.19,48920.62969911
09.Ago.19,45584.27075059
12.Ago.19,45662.55107972
13.Ago.19,45461.8084297
14.Ago.19,45763.67108362
15.Ago.19,46193.08573721
16.Ago.19,46336.1073526
19.Ago.19,47109.12769544
20.Ago.19,47356.23051509
21.Ago.19,48113.63720055
22.Ago.19,48348.4787359
23.Ago.19,48344.89599177
26.Ago.19,48153.94962168
27.Ago.19,47467.92930847
28.Ago.19,46461.77441576
29.Ago.19,n.d.
30.Ago.19,n.d.
02.Set.19,46842.59135842
03.Set.19,46845.84318329
04.Set.19,46541.79885056
05.Set.19,46158.68786893
06.Set.19,46101.48215561
09.Set.19,46556.02278546
10.Set.19,46026.05210887
11.Set.19,45640.68799348
12.Set.19,45456.49089712
13.Set.19,45647.63587397
16.Set.19,46144.85210247
17.Set.19,46406.35244203
18.Set.19,46949.2890567
19.Set.19,47345.86804181
20.Set.19,47448.25607701
23.Set.19,48147.8029312
24.Set.19,48017.98753222
25.Set.19,47680.37772677
26.Set.19,47168.34946401
27.Set.19,46693.88846166
30.Set.19,46725.89340065
01.Oct.19,46355.29240213
02.Oct.19,46161.28698668
03.Oct.19,45733.55435373
04.Oct.19,45499.65649678
07.Oct.19,45393.07408229
08.Oct.19,n.d.
09.Oct.19,45399.54311323
10.Oct.19,45643.0399815
11.Oct.19,45649.92217765
14.Oct.19,45495.63644317
15.Oct.19,45550.11600996
16.Oct.19,45950.32731324
17.Oct.19,46042.46868065
18.Oct.19,46983.64845323
21.Oct.19,48006.41758807
22.Oct.19,48249.43200072
23.Oct.19,48396.68053055
24.Oct.19,48124.08477194
25.Oct.19,47756.11967028
28.Oct.19,47084.62739442
29.Oct.19,46571.90124126
30.Oct.19,45859.81682487
31.Oct.19,n.d.
01.Nov.19,n.d.
04.Nov.19,45773.50185461
05.Nov.19,45385.72407467
06.Nov.19,45143.20748675
07.Nov.19,44819.24657499
08.Nov.19,45201.13998279
11.Nov.19,45277.31065025
12.Nov.19,45130.25944164
13.Nov.19,44648.43917851
14.Nov.19,43979.59301963
15.Nov.19,44056.58325319
18.Nov.19,44493.29465613
19.Nov.19,44916.0793732
20.Nov.19,45750.25521116
21.Nov.19,46366.46439712
22.Nov.19,46391.69539595
25.Nov.19,46406.56983823
26.Nov.19,46316.43685209
27.Nov.19,46075.66763412
28.Nov.19,46110.45757301
29.Nov.19,45964.43392205
02.Dic.19,45473.15662193
03.Dic.19,45819.70773499
04.Dic.19,45979.04811945
05.Dic.19,45759.08969837
06.Dic.19,45457.78729688
09.Dic.19,45321.66142598
10.Dic.19,45200.51991931
11.Dic.19,44984.35535043
12.Dic.19,44851.86772197
13.Dic.19,44543.52738593
16.Dic.19,45033.24401988
17.Dic.19,45980.0260128
18.Dic.19,46271.09440178
19.Dic.19,46809.39099127
20.Dic.19,46995.84128594
23.Dic.19,47810.29698592
24.Dic.19,47680.05899478
25.Dic.19,n.d.
26.Dic.19,46718.71382994
27.Dic.19,46363.42276952
30.Dic.19,46466.21880936
31.Dic.19,45668.5994708
01.Ene.20,n.d.
02.Ene.20,45473.36140134
03.Ene.20,44917.30539343
06.Ene.20,44329.51238905
07.Ene.20,44505.46373012
08.Ene.20,44538.98159673
09.Ene.20,44713.5660169
10.Ene.20,44738.15242789
13.Ene.20,44386.23075955
14.Ene.20,44071.34775055
15.Ene.20,44194.83445618
16.Ene.20,44484.37522323
17.Ene.20,44855.10526228
20.Ene.20,45562.64479887
21.Ene.20,46615.12275773
22.Ene.20,47417.90675859
23.Ene.20,48062.99287889
24.Ene.20,47947.54083372
27.Ene.20,47161.16480578
28.Ene.20,46918.04989496
29.Ene.20,46835.1994133
30.Ene.20,46496.73788856
31.Ene.20,46204.46964722
03.Feb.20,46240.06987641
04.Feb.20,45900.74261344
05.Feb.20,45822.95655429
06.Feb.20,46103.07246461
07.Feb.20,46062.89552064
10.Feb.20,46268.19636748
11.Feb.20,43728.70578213
12.Feb.20,43459.90077227
13.Feb.20,43111.38980288
14.Feb.20,42999.26867619
17.Feb.20,43148.37477161
18.Feb.20,43466.38113078
19.Feb.20,43791.94946648
20.Feb.20,44053.37227508
21.Feb.20,44898.58189909
24.Feb.20,45393.54757594
25.Feb.20,45501.68957982
26.Feb.20,45097.30455148
27.Feb.20,44922.21904954
28.Feb.20,45054.88495132
02.Mar.20,45123.61704201
03.Mar.20,44996.07647344
04.Mar.20,44772.82990223
05.Mar.20,44582.46940637
06.Mar.20,44458.2611968
09.Mar.20,44883.84794102
10.Mar.20,44924.22931871
11.Mar.20,44626.11178269
12.Mar.20,44165.08401052
13.Mar.20,43960.54354988
16.Mar.20,44231.66391336
17.Mar.20,44512.19649792
18.Mar.20,44878.3384174
19.Mar.20,45261.44363229
20.Mar.20,45229.3336223
23.Mar.20,45769.4056044
24.Mar.20,45887.03410599
25.Mar.20,45516.18914653
26.Mar.20,45407.14723056
27.Mar.20,45296.15203511
30.Mar.20,45219.00313169
31.Mar.20,44857.60469034
01.Abr.20,44877.72497834
02.Abr.20,44899.17985739
03.Abr.20,44489.87857181
06.Abr.20,43926.86661034
07.Abr.20,43624.43362992
08.Abr.20,43981.32521387
09.Abr.20,n.d.
10.Abr.20,n.d.
13.Abr.20,44329.88333736
14.Abr.20,44345.61442897
15.Abr.20,44356.87154544
16.Abr.20,43746.87885042
17.Abr.20,43545.11333355
20.Abr.20,43702.35128599
21.Abr.20,44365.68028832
22.Abr.20,44496.28410061
23.Abr.20,44688.10072984
24.Abr.20,44766.87230143
27.Abr.20,44566.3227374
28.Abr.20,44245.22943756
29.Abr.20,43679.35989475
30.Abr.20,42634.32983817
01.May.20,n.d.
04.May.20,42548.07704624
05.May.20,42313.95534245
06.May.20,41855.3566332
07.May.20,41287.71565169
08.May.20,43676.43872359
11.May.20,43714.5011285
12.May.20,43625.38397442
13.May.20,43195.57223381
14.May.20,42984.41642463
15.May.20,42610.45034072
18.May.20,42169.83935685
19.May.20,42104.80778968
20.May.20,42241.15777873
21.May.20,42549.95133393
22.May.20,42218.75714897
25.May.20,42214.4424227
26.May.20,41867.12862636
27.May.20,41288.72907896
28.May.20,40965.13260445
29.May.20,40973.4693536
01.Jun.20,40517.22731678
02.Jun.20,40110.79061743
03.Jun.20,40454.53123125
04.Jun.20,40271.77988797
05.Jun.20,39926.74031172
08.Jun.20,39936.89471815
09.Jun.20,39962.31599406
10.Jun.20,39842.57546293
11.Jun.20,39836.42646393
12.Jun.20,39413.35158564
15.Jun.20,39277.42716805
16.Jun.20,40086.95429763
17.Jun.20,40114.11906056
18.Jun.20,40145.50795399
19.Jun.20,40219.44950463
22.Jun.20,40185.16290866
23.Jun.20,39924.72385088
24.Jun.20,39739.23332556
25.Jun.20,39446.08367844
26.Jun.20,44647.598844
29.Jun.20,n.d.
30.Jun.20,45496.42065196
01.Jul.20,45317.22323459
02.Jul.20,44856.39804316
03.Jul.20,44461.6970842
06.Jul.20,44009.55269302
07.Jul.20,44161.8442133
08.Jul.20,45381.12789459
09.Jul.20,44907.23523165
10.Jul.20,44533.7257299
13.Jul.20,44531.56090785
14.Jul.20,45168.11422082
15.Jul.20,45349.84759489
16.Jul.20,45369.41352758
17.Jul.20,45175.55519605
20.Jul.20,45340.2059096
21.Jul.20,45565.36560665
22.Jul.20,45471.0119601
23.Jul.20,45752.67336357
24.Jul.20,45161.80089725
27.Jul.20,51032.78701719
28.Jul.20,n.d.
29.Jul.20,50570.47341546
30.Jul.20,50548.89285103
31.Jul.20,50429.5467438
03.Ago.20,50231.72064751
04.Ago.20,49226.09327579
05.Ago.20,51971.06354539
06.Ago.20,52058.15054092
07.Ago.20,53234.94300236
10.Ago.20,52327.24052294
11.Ago.20,48187.09752395
12.Ago.20,48305.36217966
13.Ago.20,48003.14585574
14.Ago.20,48070.24802036
17.Ago.20,48033.82467109
18.Ago.20,48087.8861139
19.Ago.20,50065.11561862
20.Ago.20,53330.23487281
21.Ago.20,60487.46827369
24.Ago.20,60719.00337079
25.Ago.20,61700.31042048
26.Ago.20,62543.83211509
27.Ago.20,65761.83185561
28.Ago.20,66302.3426593
31.Ago.20,65911.78261124
01.Set.20,66263.03155773
02.Set.20,66462.87685539
03.Set.20,66159.34578096
04.Set.20,64960.70407895
07.Set.20,64736.79260962
08.Set.20,64803.8094804
09.Set.20,64320.3110187
10.Set.20,64399.28540721
11.Set.20,64009.12595452
14.Set.20,64348.36197996
15.Set.20,64527.44939172
16.Set.20,64558.24984807
17.Set.20,64508.49261965
18.Set.20,64946.42533442
21.Set.20,65451.27979036
22.Set.20,65540.5206421
23.Set.20,65618.46976019
24.Set.20,65340.37892229
25.Set.20,64844.67311419
28.Set.20,64734.24543612
29.Set.20,64390.71264048
30.Set.20,64310.86723426
01.Oct.20,64022.934599
02.Oct.20,63638.23258637
05.Oct.20,61383.23142588
06.Oct.20,60871.61114002
07.Oct.20,60618.69082763
08.Oct.20,60244.25689537
09.Oct.20,59807.90786607
12.Oct.20,59844.60496389
13.Oct.20,59473.62185095
14.Oct.20,59222.17852092
15.Oct.20,58986.12168596
16.Oct.20,58928.98422613
19.Oct.20,59349.55472245
20.Oct.20,59561.23451547
21.Oct.20,62003.16300123
22.Oct.20,61799.54747984
23.Oct.20,61415.09323395
26.Oct.20,61737.64526748
27.Oct.20,61397.95797578
28.Oct.20,60455.52493142
29.Oct.20,59695.5051921
30.Oct.20,60052.31321219
02.Nov.20,59699.61993479
03.Nov.20,59196.1942562
04.Nov.20,58877.78970205
05.Nov.20,58567.72306755
06.Nov.20,58531.78185432
09.Nov.20,58439.69190259
10.Nov.20,58096.59050031
11.Nov.20,57621.72152011
12.Nov.20,57358.62733639
13.Nov.20,57217.10874446
16.Nov.20,56963.23692632
17.Nov.20,57074.98301168
18.Nov.20,57086.90925971
19.Nov.20,57459.02952335
20.Nov.20,58303.47788063
23.Nov.20,58446.86083755
24.Nov.20,58465.19708278
25.Nov.20,58034.76037702
26.Nov.20,57406.35154346
27.Nov.20,56844.5829993
30.Nov.20,56702.43158888
01.Dic.20,65668.34348174
02.Dic.20,65663.28564502
03.Dic.20,65169.22922039
04.Dic.20,64580.18375918
07.Dic.20,64233.55511511
08.Dic.20,n.d.
09.Dic.20,63990.59859984
10.Dic.20,63031.98124591
11.Dic.20,62131.78945183
14.Dic.20,61348.97452274
15.Dic.20,60629.2652026
16.Dic.20,59905.03079171
17.Dic.20,60125.60678342
18.Dic.20,59852.37447105
21.Dic.20,60137.7382424
22.Dic.20,59396.24253633
23.Dic.20,60963.70174576
24.Dic.20,60892.9035957
25.Dic.20,n.d.
28.Dic.20,60320.31098131
29.Dic.20,59848.61665851
30.Dic.20,59093.46608152
31.Dic.20,58479.41043754
01.Ene.21,n.d.
04.Ene.21,57461.82710352
05.Ene.21,57359.68144728
06.Ene.21,56354.72751135
07.Ene.21,55969.10861351
08.Ene.21,55853.26262396
11.Ene.21,54890.265022
12.Ene.21,53920.3148071
13.Ene.21,52986.04605894
14.Ene.21,52133.8860147
15.Ene.21,51480.87208399
18.Ene.21,51567.27857396
19.Ene.21,51304.8543253
20.Ene.21,51406.93551656
21.Ene.21,53103.41056883
22.Ene.21,53382.59559497
25.Ene.21,54230.14817565
26.Ene.21,54703.83544348
27.Ene.21,54442.4563764
28.Ene.21,53433.92859145
29.Ene.21,52947.99777951
01.Feb.21,52641.82240024
02.Feb.21,51889.19830901
03.Feb.21,51459.60697096
04.Feb.21,51041.73933012
05.Feb.21,51133.17083789
08.Feb.21,51814.61017265
09.Feb.21,51770.11378001
10.Feb.21,51644.52993583
11.Feb.21,51443.36486611
12.Feb.21,52344.90105853
15.Feb.21,52579.27898251
16.Feb.21,52436.32352238
17.Feb.21,52390.02003936
18.Feb.21,53127.40514133
19.Feb.21,53532.32306457
22.Feb.21,54274.10908316
23.Feb.21,53735.50244141
24.Feb.21,53330.10089087
25.Feb.21,53170.11358222
26.Feb.21,53213.3906
01.Mar.21,53233.51361425
02.Mar.21,53697.89246482
03.Mar.21,53381.3024271
04.Mar.21,52932.90772261
05.Mar.21,52339.80079192
08.Mar.21,52178.33750299
09.Mar.21,51755.15154778
10.Mar.21,51215.3051495
11.Mar.21,50866.68307284
12.Mar.21,51091.71746851
15.Mar.21,51194.87458122
16.Mar.21,52589.55394048
17.Mar.21,54499.9109292
18.Mar.21,56269.60768302
19.Mar.21,57738.40624337
22.Mar.21,59684.99618501
23.Mar.21,60539.22724093
24.Mar.21,61661.59127031
25.Mar.21,62365.34993758
26.Mar.21,62947.15388294
29.Mar.21,64453.63883041
30.Mar.21,65549.05310594
31.Mar.21,65375.93397345
01.Abr.21,n.d.
02.Abr.21,n.d.
05.Abr.21,65657.33616078
06.Abr.21,65967.88573156
07.Abr.21,65836.93537138
08.Abr.21,66203.57550467
09.Abr.21,66478.08374727
12.Abr.21,66708.81627319
13.Abr.21,66881.2665704
14.Abr.21,66788.30030741
15.Abr.21,66591.56195316
16.Abr.21,66783.18462045
19.Abr.21,67028.35799817
20.Abr.21,67360.34790779
21.Abr.21,68215.39971735
22.Abr.21,69183.54064531
23.Abr.21,69491.53154927
26.Abr.21,69767.54326474
27.Abr.21,70193.1319411
28.Abr.21,69432.23402847
29.Abr.21,69086.67938811
30.Abr.21,68662.72533014
03.May.21,68539.4307
04.May.21,67949.1834
05.May.21,67787.22910068
06.May.21,66558.4163271
07.May.21,65702.99200778
10.May.21,65987.94808779
11.May.21,65341.41807252
12.May.21,64639.54074079
13.May.21,64508.89234796
14.May.21,63937.71790864
17.May.21,65279.06828432
18.May.21,65330.57303925
19.May.21,65749.84027135
20.May.21,66150.99435263
21.May.21,67329.71839923
24.May.21,67476.03931713
25.May.21,67728.78408834
26.May.21,67652.4839638
27.May.21,67141.57265113
28.May.21,66751.06110162
31.May.21,66278.75406564
01.Jun.21,66467.43654224
02.Jun.21,66031.02035136
03.Jun.21,65389.05037284
04.Jun.21,64715.35846516
07.Jun.21,64740.60791609
08.Jun.21,64547.99596147
09.Jun.21,63625.81862676
10.Jun.21,63217.83618971
11.Jun.21,63165.54516689
14.Jun.21,63314.45004524
15.Jun.21,63221.04667837
16.Jun.21,63115.71706832
17.Jun.21,62932.11488039
18.Jun.21,63968.75072343
21.Jun.21,66306.34197454
22.Jun.21,66725.74246053
23.Jun.21,66450.86522411
24.Jun.21,66035.31556746
25.Jun.21,65534.66278855
28.Jun.21,n.d.
29.Jun.21,n.d.
30.Jun.21,65189.80924131
01.Jul.21,65466.3221848
02.Jul.21,65118.15495651
05.Jul.21,64588.07476807
06.Jul.21,64841.12939038
07.Jul.21,64833.23463426
08.Jul.21,64737.9848717
09.Jul.21,64347.7899574
12.Jul.21,63602.51856096
13.Jul.21,63488.84538731
14.Jul.21,63135.96692212
15.Jul.21,63387.41019275
16.Jul.21,63419.83909344
19.Jul.21,63722.4519053
20.Jul.21,64448.48161523
21.Jul.21,65099.64851346
22.Jul.21,65313.9238835
23.Jul.21,65173.98935576
26.Jul.21,68210.52517934
27.Jul.21,67817.55779227
28.Jul.21,n.d.
29.Jul.21,n.d.
30.Jul.21,67990.73642344
02.Ago.21,69733.41984431
03.Ago.21,68957.4650996
04.Ago.21,68367.40197473
05.Ago.21,67988.53845399
06.Ago.21,67713.38612729
09.Ago.21,67791.6707535
10.Ago.21,68213.04465182
11.Ago.21,63739.2451528
12.Ago.21,64215.63674172
13.Ago.21,64562.77907223
16.Ago.21,65015.0519558
17.Ago.21,65517.25753755
18.Ago.21,66234.59345375
19.Ago.21,67158.40399105
20.Ago.21,67699.21780006
23.Ago.21,68406.7093806
24.Ago.21,68907.47887798
25.Ago.21,68662.02792077
26.Ago.21,68114.71050082
27.Ago.21,68160.83589909
30.Ago.21,n.d.
31.Ago.21,68110.78553648
01.Set.21,68564.0142226
02.Set.21,68710.97767605
03.Set.21,68213.29941213
06.Set.21,67916.60042681
07.Set.21,67811.79313634
08.Set.21,68037.87018288
09.Set.21,67542.63749403
10.Set.21,67102.99755385
13.Set.21,67000.11079371
14.Set.21,67061.09741929
15.Set.21,67224.22902573
16.Set.21,67319.87106888
17.Set.21,67240.42768621
20.Set.21,67979.40061608
21.Set.21,71664.85578452
22.Set.21,73554.13575887
23.Set.21,73593.63138425
24.Set.21,74708.18574206
27.Set.21,76831.78189452
28.Set.21,75995.97657112
29.Set.21,75829.07907632
30.Set.21,74952.28606096
01.Oct.21,73959.56385777
04.Oct.21,73718.80396524
05.Oct.21,73277.15680804
06.Oct.21,72770.55294774
07.Oct.21,72292.44982746
08.Oct.21,n.d.
11.Oct.21,72525.67747206
12.Oct.21,72229.14639859
13.Oct.21,71628.6105473
14.Oct.21,71328.95625993
15.Oct.21,71121.62362882
18.Oct.21,72216.3272031
19.Oct.21,72574.0843549
20.Oct.21,73394.28725581
21.Oct.21,74476.05091306
22.Oct.21,74589.01489225
25.Oct.21,75432.64916317
26.Oct.21,75489.62476384
27.Oct.21,75263.81777737
28.Oct.21,74559.41549851
29.Oct.21,73503.2686292
01.Nov.21,n.d.
02.Nov.21,73084.29065249
03.Nov.21,72939.40843906
04.Nov.21,72882.73955741
05.Nov.21,72035.00383988
08.Nov.21,72313.67648185
09.Nov.21,71770.62147418
10.Nov.21,85120.88650241
11.Nov.21,84649.6296913
12.Nov.21,84199.09519988
15.Nov.21,84627.84866061
16.Nov.21,83994.82543886
17.Nov.21,84720.75166359
18.Nov.21,89908.98861545
19.Nov.21,90790.93991212
22.Nov.21,93071.75449146
23.Nov.21,92889.75103623
24.Nov.21,93164.9213852
25.Nov.21,93022.54854919
26.Nov.21,92344.34197411
29.Nov.21,91916.0900196
30.Nov.21,92037.73216036
01.Dic.21,92532.06437207
02.Dic.21,92379.25246593
03.Dic.21,92285.78718597
06.Dic.21,92103.92561767
07.Dic.21,91481.09863888
08.Dic.21,n.d.
09.Dic.21,91524.91089038
10.Dic.21,90842.48664289
13.Dic.21,90244.7669561
14.Dic.21,89887.49413836
15.Dic.21,89802.59923093
16.Dic.21,89458.62725623
17.Dic.21,89513.2913759
20.Dic.21,90322.2976705
21.Dic.21,91046.9475563
22.Dic.21,91626.23729977
23.Dic.21,91425.76446461
24.Dic.21,91701.67503392
27.Dic.21,90920.16966
28.Dic.21,90623.39656139
29.Dic.21,89830.18690222
30.Dic.21,88453.18223843
31.Dic.21,88001.96493991
03.Ene.22,87239.05577473
04.Ene.22,86928.70935382
05.Ene.22,86170.85936721
06.Ene.22,85612.56495891
07.Ene.22,85386.80379799
10.Ene.22,85018.10813443
11.Ene.22,84016.67122887
12.Ene.22,83520.04391337
13.Ene.22,82959.13144469
14.Ene.22,82928.95659547
17.Ene.22,83234.83424436
18.Ene.22,83528.57437373
19.Ene.22,84820.07207012
20.Ene.22,85468.49544249
21.Ene.22,86619.72321065
24.Ene.22,87144.11861156
25.Ene.22,87007.36539752
26.Ene.22,86708.00774766
27.Ene.22,86494.5401211
28.Ene.22,86182.48998695
31.Ene.22,85518.65243043
01.Feb.22,85241.91502852
02.Feb.22,84961.94743115
03.Feb.22,84399.33994503
04.Feb.22,83982.22220793
07.Feb.22,83803.25720218
08.Feb.22,84072.83812007
09.Feb.22,83940.07278048
10.Feb.22,83546.17686272
11.Feb.22,79554.22380324
14.Feb.22,80135.51511707
15.Feb.22,79941.73988916
16.Feb.22,80177.57746841
17.Feb.22,80852.26135353
18.Feb.22,81880.10859133
21.Feb.22,84028.28722808
22.Feb.22,83612.24258047
23.Feb.22,84314.41094787
24.Feb.22,84210.45585819
25.Feb.22,84297.45719573
28.Feb.22,84434.26608029
01.Mar.22,85426.25944655
02.Mar.22,85014.94534373
03.Mar.22,84408.63217443
04.Mar.22,84056.43452856
07.Mar.22,84231.09332702
08.Mar.22,84527.82984734
09.Mar.22,84398.21684463
10.Mar.22,84024.85243571
11.Mar.22,83162.39860561
14.Mar.22,83006.61510622
15.Mar.22,82689.63995768
16.Mar.22,83202.4153608
17.Mar.22,83239.53115847
18.Mar.22,84094.86059228
21.Mar.22,85141.43870955
22.Mar.22,86069.33387373
23.Mar.22,86958.34380971
24.Mar.22,86828.56491381
25.Mar.22,86431.95086421
28.Mar.22,86402.73657294
29.Mar.22,87591.24350143
30.Mar.22,89735.69824476
31.Mar.22,89916.64977741
01.Abr.22,91418.06248989
04.Abr.22,91985.41343368
05.Abr.22,93475.57542891
06.Abr.22,93779.78547484
07.Abr.22,94828.24592274
08.Abr.22,94360.6211728
11.Abr.22,94429.67167773
12.Abr.22,88296.60615687
13.Abr.22,87274.34349023
14.Abr.22,n.d.
15.Abr.22,n.d.
18.Abr.22,87129.62074604
19.Abr.22,87129.75951767
20.Abr.22,87734.67889757
21.Abr.22,89300.74349809
22.Abr.22,90172.09365843
25.Abr.22,91353.11241694
26.Abr.22,92088.52842756
27.Abr.22,92368.30559432
28.Abr.22,91835.41047482
29.Abr.22,91103.63284602
02.May.22,91114.1880266
03.May.22,90922.12932857
04.May.22,90453.2005599
05.May.22,90196.6479201
06.May.22,89662.04184549
09.May.22,89774.03769824
10.May.22,89405.26152561
11.May.22,89443.44225493
12.May.22,88674.81641859
13.May.22,88309.99354803
16.May.22,88213.05875588
17.May.22,87726.03554927
18.May.22,88560.07299338
19.May.22,89205.90730552
20.May.22,90097.92257752
23.May.22,89884.0261297
24.May.22,90862.099136
25.May.22,91161.31084494
26.May.22,90959.61996903
27.May.22,90918.05065799
30.May.22,90156.8984492
31.May.22,90327.66780733
01.Jun.22,90453.58783602
02.Jun.22,90172.88627984
03.Jun.22,90208.18894946
06.Jun.22,89886.27451093
07.Jun.22,90027.29885422
08.Jun.22,89541.43890865
09.Jun.22,89574.76670594
10.Jun.22,89295.74320455
13.Jun.22,89411.60132971
14.Jun.22,89174.07808643
15.Jun.22,89790.32326821
16.Jun.22,89569.7347361
17.Jun.22,89606.76155414
20.Jun.22,90335.10869353
21.Jun.22,91143.57189996
22.Jun.22,91741.15807363
23.Jun.22,92636.48257775
24.Jun.22,92687.00219757
27.Jun.22,91878.73091438
28.Jun.22,91361.01472168
29.Jun.22,n.d.
30.Jun.22,91109.15296478
01.Jul.22,90794.09155152
04.Jul.22,90231.47402467
05.Jul.22,89892.25725229
06.Jul.22,89498.44677876
07.Jul.22,89381.73259126
08.Jul.22,89238.91091988
11.Jul.22,89048.67748841
12.Jul.22,88613.33858468
13.Jul.22,88329.27428942
14.Jul.22,87973.32042219
15.Jul.22,88048.80652722
18.Jul.22,88520.9149561
19.Jul.22,88618.18949977
20.Jul.22,90024.22861827
21.Jul.22,90669.52007407
22.Jul.22,90947.90471032
25.Jul.22,90755.6025784
26.Jul.22,90112.40652184
27.Jul.22,89786.06144237
28.Jul.22,n.d.
29.Jul.22,n.d.
01.Ago.22,89955.75732377
02.Ago.22,89576.95285442
03.Ago.22,89416.40133832
04.Ago.22,89042.80883363
05.Ago.22,88814.90851211
08.Ago.22,89165.15929493
09.Ago.22,88994.57405228
10.Ago.22,88517.21759766
11.Ago.22,84391.6259082
12.Ago.22,85383.20674381
15.Ago.22,85285.13334526
16.Ago.22,84548.16991622
17.Ago.22,84462.31697292
18.Ago.22,85166.3153214
19.Ago.22,85805.72610415
22.Ago.22,86552.2292004
23.Ago.22,86759.69644065
24.Ago.22,88263.58386539
25.Ago.22,87766.37567066
26.Ago.22,87370.42345474
29.Ago.22,86613.2734947
30.Ago.22,n.d.
31.Ago.22,86694.61741625
01.Set.22,86930.11842843
02.Set.22,86902.8744639
05.Set.22,86657.41574735
06.Set.22,86083.63602671
07.Set.22,86005.8043594
08.Set.22,85956.36315909
09.Set.22,85087.3830535
12.Set.22,85334.42152966
13.Set.22,84571.32198784
14.Set.22,84341.78457048
15.Set.22,84766.59534985
16.Set.22,87080.99724037
19.Set.22,87259.49410673
20.Set.22,88573.49335459
21.Set.22,89196.26696118
22.Set.22,89341.67992038
23.Set.22,89442.0313797
26.Set.22,89082.19438099
27.Set.22,88826.40431014
28.Set.22,88188.36760142
29.Set.22,88221.88898087
30.Set.22,88201.23033571
03.Oct.22,87983.38340112
04.Oct.22,88485.86890474
05.Oct.22,88044.54093654
06.Oct.22,88067.22240522
07.Oct.22,87549.40593157
10.Oct.22,87212.35144819
11.Oct.22,86985.06001523
12.Oct.22,87284.34123125
13.Oct.22,86908.51497137
14.Oct.22,85767.25532737
17.Oct.22,85929.38526643
18.Oct.22,86243.98825376
19.Oct.22,86595.14865888
20.Oct.22,87352.94367832
21.Oct.22,88374.86890533
24.Oct.22,88818.0105741
25.Oct.22,89284.85822972
26.Oct.22,88892.10528504
27.Oct.22,86638.08100705
28.Oct.22,85384.04888206
31.Oct.22,85384.72872183
01.Nov.22,n.d.
02.Nov.22,84814.59485016
03.Nov.22,84607.80037181
04.Nov.22,84260.07601377
07.Nov.22,83926.3370968
08.Nov.22,83711.94632472
09.Nov.22,83936.82580117
10.Nov.22,83451.29525693
11.Nov.22,83220.90840426
14.Nov.22,82476.32379657
15.Nov.22,82564.11044155
16.Nov.22,83001.66993876
17.Nov.22,83066.02649978
18.Nov.22,83278.36241473
21.Nov.22,84634.43295896
22.Nov.22,85311.52013769
23.Nov.22,85517.30657921
24.Nov.22,85582.03309165
25.Nov.22,84866.75257672
28.Nov.22,84250.45981693
29.Nov.22,84059.71387366
30.Nov.22,83673.79730251
01.Dic.22,83615.25807768
02.Dic.22,83387.99490816
05.Dic.22,83579.94280152
06.Dic.22,82895.61788853
07.Dic.22,82090.74464337
08.Dic.22,n.d.
09.Dic.22,n.d.
12.Dic.22,82270.16942614
13.Dic.22,81788.28904109
14.Dic.22,81270.25394847
15.Dic.22,80687.76892187
16.Dic.22,80788.9083053
19.Dic.22,80681.32265764
20.Dic.22,81381.26544088
21.Dic.22,82130.84364752
22.Dic.22,81816.54532165
23.Dic.22,81764.47332959
26.Dic.22,81322.23976795
27.Dic.22,80810.44019534
28.Dic.22,79180.64756171
29.Dic.22,78460.79307386
30.Dic.22,77882.58818683
02.Ene.23,n.d.
03.Ene.23,77091.14457858
04.Ene.23,76232.3655307
05.Ene.23,75735.08119071
06.Ene.23,75077.22508978
09.Ene.23,74877.15111728
10.Ene.23,74477.58492123
11.Ene.23,73969.14914657
12.Ene.23,73856.89325173
13.Ene.23,73343.93205592
16.Ene.23,72985.78812999
17.Ene.23,73142.7987903
18.Ene.23,73557.69458295
19.Ene.23,73827.46333024
20.Ene.23,74137.65253144
23.Ene.23,74960.66954943
24.Ene.23,76185.07217382
25.Ene.23,76734.10288912
26.Ene.23,76217.03116665
27.Ene.23,75903.82161496
30.Ene.23,74224.43082526
31.Ene.23,72358.32823571
01.Feb.23,71932.70944178
02.Feb.23,71581.70624033
03.Feb.23,70236.1084542
06.Feb.23,70120.77904399
07.Feb.23,70182.82967635
08.Feb.23,70453.06270836
09.Feb.23,70311.12815423
10.Feb.23,65858.44037276
13.Feb.23,66470.8985079
14.Feb.23,66724.13232592
15.Feb.23,66774.97714005
16.Feb.23,66800.23407377
17.Feb.23,67132.40286905
20.Feb.23,68648.45749363
21.Feb.23,69546.63688447
22.Feb.23,70033.80431571
23.Feb.23,70933.64571341
24.Feb.23,71122.06572046
27.Feb.23,71521.38685499
28.Feb.23,71385.02243691
01.Mar.23,71456.19003325
02.Mar.23,71459.5487353
03.Mar.23,71172.66496663
06.Mar.23,71041.87936917
07.Mar.23,70692.83001059
08.Mar.23,70453.56188763
09.Mar.23,70069.66758148
10.Mar.23,69611.92602383
13.Mar.23,69986.98083831
14.Mar.23,69840.40459641
15.Mar.23,69969.29300305
16.Mar.23,70249.83383018
17.Mar.23,70194.5487585
20.Mar.23,70857.01592389
21.Mar.23,71466.76817636
22.Mar.23,70763.52771106
23.Mar.23,72432.79115371
24.Mar.23,72070.69261867
27.Mar.23,72518.27897254
28.Mar.23,72805.76549588
29.Mar.23,73410.84671194
30.Mar.23,73272.31821744
31.Mar.23,73360.98612955
03.Abr.23,74406.26375024
04.Abr.23,74696.82600903
05.Abr.23,74772.48507508
06.Abr.23,n.d.
07.Abr.23,n.d.
10.Abr.23,76065.86161598
11.Abr.23,76736.37119324
12.Abr.23,77168.15088265
13.Abr.23,77279.11432837
14.Abr.23,76809.37335957
17.Abr.23,77008.45652862
18.Abr.23,77004.26842512
19.Abr.23,76990.59098201
20.Abr.23,77546.41362266
21.Abr.23,78613.66320638
24.Abr.23,79720.35158553
25.Abr.23,79941.76242798
26.Abr.23,80488.89360722
27.Abr.23,75012.55135972
28.Abr.23,75354.81375918
01.May.23,n.d.
02.May.23,76092.98042334
03.May.23,76131.94278939
04.May.23,75686.53983809
05.May.23,76112.49765169
08.May.23,76009.82864589
09.May.23,75804.24308282
10.May.23,75230.00953627
11.May.23,74784.48924389
12.May.23,75217.00402659
15.May.23,74590.6917699
16.May.23,75025.48977996
17.May.23,75330.65655265
18.May.23,75493.25052159
19.May.23,75950.51872466
22.May.23,77052.85270331
23.May.23,77747.35381615
24.May.23,78096.23134462
25.May.23,78049.87939381
26.May.23,77761.12898839
29.May.23,79342.93774044
30.May.23,78780.05789025
31.May.23,79252.35488057
01.Jun.23,79395.22768757
02.Jun.23,79037.12252056
05.Jun.23,78682.47535513
06.Jun.23,78521.31769378
07.Jun.23,78474.58393114
08.Jun.23,78095.13107023
09.Jun.23,77679.02639603
12.Jun.23,73232.1027031
13.Jun.23,73079.85294046
14.Jun.23,72740.61723066
15.Jun.23,72512.17847257
16.Jun.23,72492.85220456
19.Jun.23,72876.78150468
20.Jun.23,73350.36803207
21.Jun.23,73748.26360181
22.Jun.23,73799.54671133
23.Jun.23,74207.45232375
26.Jun.23,74144.05347077
27.Jun.23,74061.89244829
28.Jun.23,73103.81695962
29.Jun.23,n.d.
30.Jun.23,73003.99403315
03.Jul.23,73452.81289265
04.Jul.23,72896.4757268
05.Jul.23,72793.9676153
06.Jul.23,72493.76348261
07.Jul.23,72068.92836207
10.Jul.23,71891.57560866
11.Jul.23,70710.38113181
12.Jul.23,70184.89733012
13.Jul.23,69624.43392692
14.Jul.23,69312.52524748
17.Jul.23,68890.48885037
18.Jul.23,68838.56472558
19.Jul.23,69148.32593908
20.Jul.23,69576.34879056
21.Jul.23,70365.6596964
24.Jul.23,70588.62630888
25.Jul.23,69844.7488723
26.Jul.23,69436.76157659
27.Jul.23,69033.80567559
28.Jul.23,n.d.
31.Jul.23,69250.61969747
01.Ago.23,69180.2919704
02.Ago.23,68918.98729708
03.Ago.23,68547.8738002
04.Ago.23,68003.50786921
07.Ago.23,68037.13847369
08.Ago.23,68153.14029087
09.Ago.23,67957.09370311
10.Ago.23,67588.93273359
11.Ago.23,62811.31892281
14.Ago.23,63028.95481354
15.Ago.23,63346.20754065
16.Ago.23,63633.230625
17.Ago.23,63617.31936552
18.Ago.23,64417
21.Ago.23,65218.13950989
22.Ago.23,66197.98047145
23.Ago.23,66534.15111946
24.Ago.23,66334.24615582
25.Ago.23,66171.34736188
28.Ago.23,65872.85459185
29.Ago.23,65519.97788705
30.Ago.23,n.d.
31.Ago.23,65520.9742333
01.Set.23,65675.33877375
04.Set.23,65602.34651497
05.Set.23,65085.99727859
06.Set.23,64871.27059589
07.Set.23,64887.92851918
08.Set.23,64874.22967303
11.Set.23,64111.96834083
12.Set.23,63734.19886518
13.Set.23,63531.85477733
14.Set.23,63144.92847926
15.Set.23,63246.77971829
18.Set.23,63996.03633102
19.Set.23,64510.03137205
20.Set.23,64849.74843618
21.Set.23,65717.16624047
22.Set.23,65946.8499855
25.Set.23,66248.36369255
26.Set.23,65949.62062618
27.Set.23,65487.32411503
28.Set.23,65312.14376628
29.Set.23,64774.45840305
02.Oct.23,64812.60129925
03.Oct.23,64343.68345003
04.Oct.23,63980.1800226
05.Oct.23,63813.75876236
06.Oct.23,63366.01566556
09.Oct.23,63541.11079605
10.Oct.23,63567.26656498
11.Oct.23,63180.26140749
12.Oct.23,62542.04239105
13.Oct.23,61995.73423365
16.Oct.23,62553.12971507
17.Oct.23,60444.36560497
18.Oct.23,63074.35894284
19.Oct.23,63369.73698953
20.Oct.23,64429.43263002
23.Oct.23,64371.27913552
24.Oct.23,65146.58622449
25.Oct.23,65316.14737495
26.Oct.23,64580.02418844
27.Oct.23,64026.42879952
30.Oct.23,63504.70937891
31.Oct.23,63044.22227863
01.Nov.23,n.d.
02.Nov.23,62208.55751101
03.Nov.23,61936.88146649
06.Nov.23,61586.9855146
07.Nov.23,61581.25727611
08.Nov.23,61157.96041902
09.Nov.23,61196.25405359
10.Nov.23,60883.49870397
13.Nov.23,61064.14061568
14.Nov.23,60759.84655893
15.Nov.23,60104.25566428
16.Nov.23,60021.81845357
17.Nov.23,60329.46813147
20.Nov.23,60534.50882817
21.Nov.23,61420.19582935
22.Nov.23,61940.14880833
23.Nov.23,62253.1864201
24.Nov.23,62248.07104014
27.Nov.23,62324.38338766
28.Nov.23,62097.11575169
29.Nov.23,61595.42070905
30.Nov.23,60901.40087142
01.Dic.23,61510.45872168
04.Dic.23,61344.55941924
05.Dic.23,60357.32282176
06.Dic.23,60214.60857075
07.Dic.23,60149.47988815
08.Dic.23,n.d.
11.Dic.23,60214.83349116
12.Dic.23,59982.53509709
13.Dic.23,59369.13186162
14.Dic.23,58401.25977594
15.Dic.23,58141.90789194
18.Dic.23,58056.72267248
19.Dic.23,58473.10663017
20.Dic.23,58032.60132086
21.Dic.23,58333.09924193
22.Dic.23,58671.97371596
25.Dic.23,n.d.
26.Dic.23,57885.23443918
27.Dic.23,56984.16721502
28.Dic.23,56470.70573753
29.Dic.23,55038.37780984
01.Ene.24,n.d.
02.Ene.24,n.d.
03.Ene.24,55808.05171366
04.Ene.24,54298.8457206
05.Ene.24,53279.17822348
08.Ene.24,53198.18482766
09.Ene.24,53381.15138214
10.Ene.24,53059.97027994
11.Ene.24,52256.5984742
12.Ene.24,51451.74054805
15.Ene.24,50818.06936705
16.Ene.24,51179.72303624
17.Ene.24,51174.24608882
18.Ene.24,51792.78423691
19.Ene.24,52378.20582354
22.Ene.24,53442.88851013
23.Ene.24,53787.2023788
24.Ene.24,54745.04080107
25.Ene.24,55281.94968481
26.Ene.24,53686.77911338
29.Ene.24,53003.0577637
30.Ene.24,52650.18995033
31.Ene.24,52294.03789195
01.Feb.24,52090.55308642
02.Feb.24,51930.29905479
05.Feb.24,51869.33179731
06.Feb.24,51910.21697142
07.Feb.24,51069.92488768
08.Feb.24,51322.22162414
09.Feb.24,46354.01690984
12.Feb.24,47523.93502091
13.Feb.24,47081.64514422
14.Feb.24,46616.67015874
15.Feb.24,46265.39955247
16.Feb.24,46473.48706192
19.Feb.24,47736.91611284
20.Feb.24,48849.79923122
21.Feb.24,50191.80003829
22.Feb.24,50389.37867304
23.Feb.24,50951.96377584
26.Feb.24,50899.55342279
27.Feb.24,50591.31711474
28.Feb.24,50768.61075175
29.Feb.24,51403.70476432
01.Mar.24,51095.6392953
04.Mar.24,51209.8633205
05.Mar.24,50662.47479444
06.Mar.24,50377.87903199
07.Mar.24,50196.98414229
08.Mar.24,50277.55622059
11.Mar.24,50052.05877064
12.Mar.24,49981.14867384
13.Mar.24,49818.20667992
14.Mar.24,49532.39108789
15.Mar.24,49640.76745504
18.Mar.24,50221.4979788
19.Mar.24,50352.29708939
20.Mar.24,51547.8312175
21.Mar.24,52840.57272629
22.Mar.24,53026.11028201
25.Mar.24,54091.25805298
26.Mar.24,54555.68252179
27.Mar.24,53749.72357745
28.Mar.24,n.d.
29.Mar.24,n.d.
01.Abr.24,54193.36120938
02.Abr.24,54289.43133076
03.Abr.24,54376.41180577
04.Abr.24,54228.99445426
05.Abr.24,54417.68840263
08.Abr.24,54889.03490291
09.Abr.24,55403.01379129
10.Abr.24,55160.68586032
11.Abr.24,55335.5843538
12.Abr.24,54979.93128569
15.Abr.24,55346.90620817
16.Abr.24,55169.96772389
17.Abr.24,55482.61544733
18.Abr.24,55796.30734672
19.Abr.24,56675.80752176
22.Abr.24,57227.53748201
23.Abr.24,56057.09878122
24.Abr.24,56067.43561
25.Abr.24,55638.45239111
26.Abr.24,55222.95617776
29.Abr.24,54863.96100691
30.Abr.24,54541.73596873
01.May.24,n.d.
02.May.24,54277.39551688
03.May.24,54128.62749155
06.May.24,53703.24054361
07.May.24,53521.31975475
08.May.24,52263.32521974
09.May.24,52336.82616305
10.May.24,51951.7299344
13.May.24,51495.45853528
14.May.24,50967.49320147
15.May.24,50491.22891511
16.May.24,50414.17519692
17.May.24,50152.33878953
20.May.24,50700.11138091
21.May.24,51626.61596768
22.May.24,51992.15714484
23.May.24,52090.10394934
24.May.24,52211.98052141
27.May.24,52169.39720819
28.May.24,51636.11800731
29.May.24,51627.96465939
30.May.24,51886.83798319
31.May.24,52080.75397227
03.Jun.24,52209.1929487
04.Jun.24,51990.10745989
05.Jun.24,51530.83571831
06.Jun.24,51076.20752902
07.Jun.24,n.d.
10.Jun.24,51274.15605891
11.Jun.24,51338.97488433
12.Jun.24,51278.56805133
13.Jun.24,51278.33613108
14.Jun.24,50513.34382208
17.Jun.24,50552.28969625
18.Jun.24,50446.77156322
19.Jun.24,50299.7942736
20.Jun.24,50831.5703313
21.Jun.24,51542.78678928
24.Jun.24,51907.84070572
25.Jun.24,52344.73056235
26.Jun.24,52411.24290954
27.Jun.24,50901.59823509
28.Jun.24,50330.04875986
01.Jul.24,46083.83971118
02.Jul.24,45747.07547869
03.Jul.24,45159.70545479
04.Jul.24,44240.6727821
05.Jul.24,44416.61522122
08.Jul.24,44550.26695166
09.Jul.24,44164.36645654
10.Jul.24,43411.79479843
11.Jul.24,42892.54652056
12.Jul.24,42482.997488
15.Jul.24,42482.13646259
16.Jul.24,42830.32330555
17.Jul.24,43229.60440957
18.Jul.24,43758.38279951
19.Jul.24,44455.02201026
22.Jul.24,45187.49242159
23.Jul.24,n.d.
24.Jul.24,45390.02870081
25.Jul.24,43308.00902394
26.Jul.24,n.d.
29.Jul.24,n.d.
30.Jul.24,44775.66300583
31.Jul.24,44716.14516606
01.Ago.24,45073.79144991
02.Ago.24,44038.21675022
05.Ago.24,43253.63598691
06.Ago.24,n.d.
07.Ago.24,43486.68131406
08.Ago.24,43315.03601963
09.Ago.24,37946.8093467
12.Ago.24,44656.26497135
13.Ago.24,44652.42716973
14.Ago.24,44290.05447524
15.Ago.24,44501.48343477
16.Ago.24,44211.67346271
19.Ago.24,45164.17794896
20.Ago.24,46249.39263448
21.Ago.24,46512.37973344
22.Ago.24,46808.94148893
23.Ago.24,47209.09580814
26.Ago.24,48197.81979444
27.Ago.24,48159.19158607
28.Ago.24,47684.63561269
29.Ago.24,47498.93312554
30.Ago.24,n.d.
02.Set.24,47822.94709895
03.Set.24,47700.2941372
04.Set.24,47400.46564824
05.Set.24,47150.23402015
06.Set.24,47374.38974987
09.Set.24,47795.5134484
10.Set.24,47471.59293145
11.Set.24,47251.3536825
12.Set.24,47003.56967103
13.Set.24,46499.23191764
16.Set.24,47022.72321056
17.Set.24,46881.54400407
18.Set.24,47191.24009585
19.Set.24,47109.97632558
20.Set.24,47224.49522975
23.Set.24,48317.19515248
24.Set.24,48902.19242208
25.Set.24,48380.78450791
26.Set.24,48380.12590272
27.Set.24,47239.82542642
30.Set.24,49112.24554109
01.Oct.24,48956.25039831
02.Oct.24,48484.96466005
03.Oct.24,47959.94696422
04.Oct.24,48198.69449787
07.Oct.24,47389.31898477
08.Oct.24,n.d.
09.Oct.24,47957.66860052
10.Oct.24,48312.38181448
11.Oct.24,45756.86991721
14.Oct.24,45397.19779618
15.Oct.24,47311.99066079
16.Oct.24,47237.03051323
17.Oct.24,47540.34687357
18.Oct.24,47126.27149063
21.Oct.24,48621.72657449
22.Oct.24,49091.24113985
23.Oct.24,48919.67855693
24.Oct.24,49178.45629638
25.Oct.24,48196.272504
28.Oct.24,47473.97617966
29.Oct.24,46511.3948315
30.Oct.24,46119.75526592
31.Oct.24,44949.49357777
01.Nov.24,n.d.
04.Nov.24,45209.57199579
05.Nov.24,45110.40519373
06.Nov.24,44771.36828415
07.Nov.24,43791.7724654
08.Nov.24,42920.06433903
11.Nov.24,43327.86548929
12.Nov.24,42433.54347402
13.Nov.24,41570.57271343
14.Nov.24,41628.08898605
15.Nov.24,41383.55848456
18.Nov.24,41695.17707602
19.Nov.24,42407.5615355
20.Nov.24,42561.30827731
21.Nov.24,43560.9386692
22.Nov.24,43594.41207568
25.Nov.24,44061.89962909
26.Nov.24,44592.04388172
27.Nov.24,44456.90341551
28.Nov.24,44262.34329768
29.Nov.24,43757.453205
02.Dic.24,44198.91648339
03.Dic.24,43615.05180104
04.Dic.24,43138.86968483
05.Dic.24,42775.53505359
06.Dic.24,42078.26809078
09.Dic.24,n.d.
10.Dic.24,42262.6056845
11.Dic.24,41713.46619547
12.Dic.24,41211.48489897
13.Dic.24,40315.11838296
16.Dic.24,39023.97846569
17.Dic.24,38106.9368082
18.Dic.24,38680.53253047
19.Dic.24,38702.07196108
20.Dic.24,39030.52667952
23.Dic.24,40094.84767369
24.Dic.24,39922.9754502
25.Dic.24,n.d.
26.Dic.24,39888.80926121
27.Dic.24,39364.0699186
30.Dic.24,38782.90825394
31.Dic.24,n.d.
01.Ene.25,n.d.
02.Ene.25,37985.14458313
03.Ene.25,37331.88762364
06.Ene.25,36941.53906744
07.Ene.25,36670.35331188
08.Ene.25,36241.04093601
09.Ene.25,36751.10979008
10.Ene.25,36231.54886169
13.Ene.25,35954.63454009
14.Ene.25,35409.32418619
15.Ene.25,35392.4070688
16.Ene.25,35315.43907588
17.Ene.25,35571.99581796
20.Ene.25,34904.11043411
21.Ene.25,37250.83659218
22.Ene.25,38328.87032586
23.Ene.25,38524.15989892
24.Ene.25,38232.1206926
27.Ene.25,38314.06382641
28.Ene.25,38722.54004344
29.Ene.25,38484.10150326
30.Ene.25,38384.07900267
31.Ene.25,38132.37003311
03.Feb.25,38319.53625682
04.Feb.25,38015.63274816
05.Feb.25,38153.15108783
06.Feb.25,38014.00628773
07.Feb.25,38073.88485703
10.Feb.25,39757.39336371
11.Feb.25,33886.34991292
12.Feb.25,33567.71759266
13.Feb.25,34384.14339501
14.Feb.25,33862.21687191
17.Feb.25,34715.52944068
18.Feb.25,34745.81172329
19.Feb.25,34963.44996801
20.Feb.25,35174.71862306
21.Feb.25,36144.49055163
24.Feb.25,36840.86529381
25.Feb.25,37112.14522468
26.Feb.25,37222.31099078
27.Feb.25,37064.57736542
28.Feb.25,37286.53777863
03.Mar.25,38217.81006604
04.Mar.25,37988.93347779
05.Mar.25,37944.75837675
06.Mar.25,37991.30642651
07.Mar.25,37638.08171725
10.Mar.25,37893.30878882
11.Mar.25,37652.35347273
12.Mar.25,37304.08239634
13.Mar.25,36666.28678553
14.Mar.25,36366.24660403
17.Mar.25,35780.12903761
18.Mar.25,35156.56410694
19.Mar.25,35552.76143157
20.Mar.25,35970.43066652
21.Mar.25,36292.19457547
24.Mar.25,37407.62986075
25.Mar.25,38046.85138016
26.Mar.25,38292.58579738
27.Mar.25,38466.11530095
28.Mar.25,38440.65125318
31.Mar.25,39036.62751148
01.Abr.25,39640.03058501
02.Abr.25,39680.10063627
03.Abr.25,40138.20640071
04.Abr.25,40367.02422692
07.Abr.25,41574.18246197
08.Abr.25,42083.40948422
09.Abr.25,44273.40097446
10.Abr.25,44125.34575842
11.Abr.25,43599.1597116
14.Abr.25,43501.7485392
15.Abr.25,43141.44625378
16.Abr.25,42475.7530509
17.Abr.25,n.d.
18.Abr.25,n.d.
21.Abr.25,42296.93003493
22.Abr.25,43648.65660194
23.Abr.25,44464.72445198
24.Abr.25,45314.86731012
25.Abr.25,45309.6577644
28.Abr.25,45792.1914837
29.Abr.25,45407.77184861
30.Abr.25,44689.17116917
01.May.25,n.d.
02.May.25,44337.32813629
05.May.25,44367.79002483
06.May.25,44234.78492523
07.May.25,43967.22525766
08.May.25,44069.44697816
09.May.25,43894.43610144
12.May.25,43863.26619287
13.May.25,43462.23883308
14.May.25,42882.95642313
15.May.25,42679.67670752
16.May.25,42657.67611613
19.May.25,43775.01324247
20.May.25,43960.36769141
21.May.25,44205.98734783
22.May.25,44678.11375598
23.May.25,44198.85923512
26.May.25,45022.25615159
27.May.25,45132.81814541
28.May.25,45021.48545176
29.May.25,44964.27935765
30.May.25,44711.71247134
02.Jun.25,44862.51208917
03.Jun.25,44706.06038121
04.Jun.25,44406.46174652
05.Jun.25,44162.39836624
06.Jun.25,43749.85344499
09.Jun.25,44114.22962355
10.Jun.25,43706.46552148
11.Jun.25,47991.24292263
12.Jun.25,47995.3084577
13.Jun.25,47242.72731359
16.Jun.25,47179.03436411
17.Jun.25,45101.44069337
18.Jun.25,45116.10031672
19.Jun.25,44987.2134847
20.Jun.25,45088.45363961
23.Jun.25,45454.20951895
24.Jun.25,45383.6919568
25.Jun.25,46020.53693015
26.Jun.25,45520.4797977
27.Jun.25,45040.95718578
30.Jun.25,44651.04909151
01.Jul.25,44367.48362216
02.Jul.25,44039.03173068
03.Jul.25,43416.59069585
04.Jul.25,43033.3382002
07.Jul.25,43790.47199634
08.Jul.25,43797.70350853
09.Jul.25,43337.91367228
10.Jul.25,43000.68015583
11.Jul.25,42752.20777163
14.Jul.25,42530.07127626
15.Jul.25,42440.70198885
16.Jul.25,42364.14800403
17.Jul.25,42184.25912134
18.Jul.25,42134.7002487
21.Jul.25,42401.42595186
22.Jul.25,42353.32702379
23.Jul.25,n.d.
24.Jul.25,42607.59515129
25.Jul.25,42030.39842699
28.Jul.25,n.d.
29.Jul.25,n.d.
30.Jul.25,41696.90906979
31.Jul.25,41881.82944766
01.Ago.25,41544.00380469
04.Ago.25,41286.12835111
05.Ago.25,41066.20308228
06.Ago.25,n.d.
07.Ago.25,40804.68327968
08.Ago.25,40489.31929797
11.Ago.25,35675.05856522
12.Ago.25,35583.70250112
13.Ago.25,35115.39070058
14.Ago.25,36131.7074997
15.Ago.25,35546.8873004
18.Ago.25,36071.51669979
19.Ago.25,36032.05356768
20.Ago.25,36122.44989832
21.Ago.25,36761.52883075
22.Ago.25,37360.81490204
25.Ago.25,37722.00135363
26.Ago.25,38457.18008339
27.Ago.25,38544.84273622
28.Ago.25,38176.53280744
29.Ago.25,38591.15362382
01.Set.25,38963.66893728
02.Set.25,38535.35582589
03.Set.25,38286.47519138
04.Set.25,37852.22545143
05.Set.25,38014.62079428
08.Set.25,38534.56567729
09.Set.25,37980.51128661
10.Set.25,37478.80684669
11.Set.25,36783.15729336
12.Set.25,36197.85961134
15.Set.25,36619.33447041
16.Set.25,36898.62625676
17.Set.25,36865.2465449
18.Set.25,37057.34839506
19.Set.25,37256.39012576
22.Set.25,38380.02800661
23.Set.25,38669.51109414
24.Set.25,38741.03111783
25.Set.25,38404.6851507
26.Set.25,37011.4793279
29.Set.25,37414.88993272
30.Set.25,37353.08524951
01.Oct.25,36682.6415091
02.Oct.25,36700.18517924
03.Oct.25,36422.65346133
06.Oct.25,36602.43459748
07.Oct.25,35949.09961309
08.Oct.25,n.d.
09.Oct.25,36636.47899386
10.Oct.25,35974.66993479
13.Oct.25,35986.03199122
14.Oct.25,35821.27774162
15.Oct.25,35975.9162968
16.Oct.25,35718.07274155
17.Oct.25,35326.96693413
20.Oct.25,36515.41492042
21.Oct.25,36970.62243698
22.Oct.25,37508.32616544
23.Oct.25,37794.97378155
24.Oct.25,38443.58406811
27.Oct.25,38790.11391205
28.Oct.25,38384.82869998
29.Oct.25,37950.29717426
30.Oct.25,37793.34649536
31.Oct.25,37652.93896008
03.Nov.25,37790.24620138
04.Nov.25,37523.81914041
05.Nov.25,36975.59508088
06.Nov.25,37002.6795867
07.Nov.25,36436.3783205
10.Nov.25,36531.09469805
11.Nov.25,36065.83122867
12.Nov.25,35758.3822742
13.Nov.25,35404.83389619
14.Nov.25,34598.23674394
17.Nov.25,34235.00375601
18.Nov.25,34337.54125108
19.Nov.25,34808.50020288
20.Nov.25,35008.6766137
21.Nov.25,35657.05113876
24.Nov.25,36990.01688464
25.Nov.25,37226.76875074
26.Nov.25,37035.9214821
27.Nov.25,37048.21493021
28.Nov.25,37477.02561214
01.Dic.25,37765.85911565
02.Dic.25,37640.8345431
03.Dic.25,37394.38167049
04.Dic.25,37223.67690529
05.Dic.25,36298.53375147
08.Dic.25,n.d.
09.Dic.25,n.d.
10.Dic.25,36680.35675474
11.Dic.25,35943.43213457
12.Dic.25,35137.83695501
15.Dic.25,34442.95294807
16.Dic.25,33738.70794457
17.Dic.25,33031.46270022
18.Dic.25,33182.00621587
19.Dic.25,33177.42622422
22.Dic.25,33751.20711238
23.Dic.25,34240.20092499
24.Dic.25,33898.70328092
25.Dic.25,n.d.
26.Dic.25,n.d.
29.Dic.25,34230.31666862
30.Dic.25,33991.45588673
31.Dic.25,32959.27649707
