fecha_bcrp,tasa_cdbcrp_saldo_exo
01.Ene.15,n.d.
02.Ene.15,n.d.
05.Ene.15,3.64347005779166
06.Ene.15,3.64347005779166
07.Ene.15,3.64314001186598
08.Ene.15,3.64594283296831
09.Ene.15,3.64138273255855
12.Ene.15,3.63742004250947
13.Ene.15,3.63505388324577
14.Ene.15,3.63428457180122
15.Ene.15,3.63295631194815
16.Ene.15,3.6275319451159
19.Ene.15,3.62570740360601
20.Ene.15,3.6221225073731
21.Ene.15,3.62053627741866
22.Ene.15,3.61879457326157
23.Ene.15,3.61514187667931
26.Ene.15,3.61340370144631
27.Ene.15,3.61340370144631
28.Ene.15,3.61174185655301
29.Ene.15,3.60998608866087
30.Ene.15,3.60998608866087
02.Feb.15,3.60824998739872
03.Feb.15,3.60824998739872
04.Feb.15,3.60670030575933
05.Feb.15,3.6050016338693
06.Feb.15,3.6050016338693
09.Feb.15,3.60315643365851
10.Feb.15,3.60116711311238
11.Feb.15,3.5995808295152
12.Feb.15,3.59137950447251
13.Feb.15,3.59137950447251
16.Feb.15,3.58894030635615
17.Feb.15,3.58894030635615
18.Feb.15,3.58720325212397
19.Feb.15,3.5845351210212
20.Feb.15,3.5845351210212
23.Feb.15,3.58234146775425
24.Feb.15,3.58234146775425
25.Feb.15,3.58078030223443
26.Feb.15,3.57912632730834
27.Feb.15,3.57912632730834
02.Mar.15,3.57727168818671
03.Mar.15,3.57727168818671
04.Mar.15,3.57663377879961
05.Mar.15,3.57529739424449
06.Mar.15,3.57529739424449
09.Mar.15,3.57365205628583
10.Mar.15,3.57365205628583
11.Mar.15,3.57306707843423
12.Mar.15,3.56598495368436
13.Mar.15,3.56598495368436
16.Mar.15,3.56401069251803
17.Mar.15,3.56401069251803
18.Mar.15,3.56358574721032
19.Mar.15,3.56283178914533
20.Mar.15,3.56283178914533
23.Mar.15,3.56194456200911
24.Mar.15,3.56194456200911
25.Mar.15,3.56196663980751
26.Mar.15,3.56146928110294
27.Mar.15,3.56146928110294
30.Mar.15,3.56064753888343
31.Mar.15,3.56064753888343
01.Abr.15,3.56045549194546
02.Abr.15,n.d.
03.Abr.15,n.d.
06.Abr.15,3.55961384350959
07.Abr.15,3.55961384350959
08.Abr.15,3.55942562982271
09.Abr.15,3.53817225038574
10.Abr.15,3.53817225038574
13.Abr.15,3.53717069925292
14.Abr.15,3.53717069925292
15.Abr.15,3.53675334079792
16.Abr.15,3.54416993863438
17.Abr.15,3.54416993863438
20.Abr.15,3.54289291916132
21.Abr.15,3.54289291916132
22.Abr.15,3.54227000878374
23.Abr.15,3.5441835363786
24.Abr.15,3.5441835363786
27.Abr.15,3.54286981902338
28.Abr.15,3.54286981902338
29.Abr.15,3.54279572609701
30.Abr.15,3.54258414970303
01.May.15,n.d.
04.May.15,3.54170510687154
05.May.15,3.54170510687154
06.May.15,3.54157104650717
07.May.15,3.50788606913388
08.May.15,3.50788606913388
11.May.15,3.50660603025862
12.May.15,3.50660603025862
13.May.15,3.50611917744755
14.May.15,3.50919982455502
15.May.15,3.50919982455502
18.May.15,3.50792811100189
19.May.15,3.50792811100189
20.May.15,3.50750019957186
21.May.15,3.50624382660258
22.May.15,3.50624382660258
25.May.15,3.50499650563784
26.May.15,3.50499650563784
27.May.15,3.50461962023048
28.May.15,3.50360163095965
29.May.15,3.50360163095965
01.Jun.15,3.50237706261808
02.Jun.15,3.50237706261808
03.Jun.15,3.50208452004691
04.Jun.15,3.5008739870484
05.Jun.15,3.5008739870484
08.Jun.15,3.49522577280159
09.Jun.15,3.49158743441136
10.Jun.15,3.47777059240031
11.Jun.15,3.45986099650907
12.Jun.15,3.4451197190445
15.Jun.15,3.4441317439967
16.Jun.15,3.43682962507265
17.Jun.15,3.42953042550251
18.Jun.15,3.42525723462385
19.Jun.15,3.42604928264572
22.Jun.15,3.42925024714797
23.Jun.15,3.42925024714797
24.Jun.15,3.43015048599479
25.Jun.15,3.43099426524597
26.Jun.15,3.43099426524597
29.Jun.15,n.d.
30.Jun.15,3.43099426524597
01.Jul.15,3.43213357702415
02.Jul.15,3.43299632562296
03.Jul.15,3.43299632562296
06.Jul.15,3.43367463291323
07.Jul.15,3.43367463291323
08.Jul.15,3.43446806609032
09.Jul.15,3.4197911784207
10.Jul.15,3.43446667666685
13.Jul.15,3.44930612165301
14.Jul.15,3.45122447427948
15.Jul.15,3.45207325160584
16.Jul.15,3.45241856788334
17.Jul.15,3.45241856788334
20.Jul.15,3.45218470461344
21.Jul.15,3.45218470461344
22.Jul.15,3.45323991991299
23.Jul.15,3.45355100364498
24.Jul.15,3.45355100364498
27.Jul.15,n.d.
28.Jul.15,n.d.
29.Jul.15,n.d.
30.Jul.15,3.45379551211527
31.Jul.15,3.45379551211527
03.Ago.15,3.45333707406654
04.Ago.15,3.45333707406654
05.Ago.15,3.45450232629093
06.Ago.15,3.45458310101883
07.Ago.15,3.45458310101883
10.Ago.15,3.4538423060405
11.Ago.15,3.4538423060405
12.Ago.15,3.45508940263929
13.Ago.15,3.45805379359162
14.Ago.15,3.45590379363494
17.Ago.15,3.45507545542743
18.Ago.15,3.45507545542743
19.Ago.15,3.45646493885037
20.Ago.15,3.45627596270343
21.Ago.15,3.45627596270343
24.Ago.15,3.45542112250415
25.Ago.15,3.45542112250415
26.Ago.15,3.45704844994749
27.Ago.15,3.45725706180992
28.Ago.15,3.45725706180992
31.Ago.15,3.45647342484578
01.Set.15,3.45647342484578
02.Set.15,3.45846025203779
03.Set.15,3.45895748841729
04.Set.15,3.45895748841729
07.Set.15,3.45827409374553
08.Set.15,3.45597203031988
09.Set.15,3.45365327674069
10.Set.15,3.45285158560148
11.Set.15,3.4561872332698
14.Set.15,3.4631845105973
15.Set.15,3.47246026312844
16.Set.15,3.47272046382007
17.Set.15,3.50113829031651
18.Set.15,3.51089488518348
21.Set.15,3.5124528722598
22.Set.15,3.5124528722598
23.Set.15,3.51565210488549
24.Set.15,3.51807143264102
25.Set.15,3.5272396826679
28.Set.15,3.52916812723345
29.Set.15,3.53505105005906
30.Set.15,3.54434429736034
01.Oct.15,3.5465539115861
02.Oct.15,3.55288685617957
05.Oct.15,3.55524563968114
06.Oct.15,3.55524563968114
07.Oct.15,3.55658313139077
08.Oct.15,n.d.
09.Oct.15,n.d.
12.Oct.15,3.5658355175025
13.Oct.15,3.57621100234704
14.Oct.15,3.58390143156229
15.Oct.15,3.60054025298501
16.Oct.15,3.60824512209373
19.Oct.15,3.60996854613236
20.Oct.15,3.60996854613236
21.Oct.15,3.61995866345162
22.Oct.15,3.6305433552185
23.Oct.15,3.6305433552185
26.Oct.15,3.63206569590249
27.Oct.15,3.63206569590249
28.Oct.15,3.63370182555783
29.Oct.15,3.63585459040344
30.Oct.15,3.63585459040344
02.Nov.15,3.63735096369343
03.Nov.15,3.63735096369343
04.Nov.15,3.63856455313674
05.Nov.15,3.63689853914634
06.Nov.15,3.63689853914634
09.Nov.15,3.63689853914634
10.Nov.15,3.63690736315013
11.Nov.15,3.63702492034595
12.Nov.15,3.65016266414293
13.Nov.15,3.65016266414293
16.Nov.15,3.65087092583847
17.Nov.15,3.65087092583847
18.Nov.15,3.6528144524343
19.Nov.15,3.65411567427632
20.Nov.15,3.65411567427632
23.Nov.15,3.67223202093767
24.Nov.15,3.67223202093767
25.Nov.15,3.68512839201617
26.Nov.15,3.6877660465896
27.Nov.15,3.6877660465896
30.Nov.15,3.69045048085037
01.Dic.15,3.69045048085037
02.Dic.15,3.6925214754927
03.Dic.15,3.69387926685726
04.Dic.15,3.69387926685726
07.Dic.15,3.71120735372108
08.Dic.15,n.d.
09.Dic.15,3.71330509970004
10.Dic.15,3.74873882041294
11.Dic.15,3.74987811822215
14.Dic.15,3.75457483829239
15.Dic.15,3.76514580200504
16.Dic.15,3.77026342758368
17.Dic.15,3.78157203498845
18.Dic.15,3.78902168643962
21.Dic.15,3.79164011388804
22.Dic.15,3.79260322071364
23.Dic.15,3.79084306262479
24.Dic.15,3.79547702054164
25.Dic.15,n.d.
28.Dic.15,3.79605816756894
29.Dic.15,3.79605816756894
30.Dic.15,3.79196969400854
31.Dic.15,3.79372136722131
01.Ene.16,n.d.
04.Ene.16,3.79111340490861
05.Ene.16,3.79111340490861
06.Ene.16,3.79765765765769
07.Ene.16,3.82295279782329
08.Ene.16,3.83546583977092
11.Ene.16,3.84363110178081
12.Ene.16,3.84862526866712
13.Ene.16,3.85657056941781
14.Ene.16,3.86970346702926
15.Ene.16,3.89062461945734
18.Ene.16,3.9061201244007
19.Ene.16,3.91883446334914
20.Ene.16,3.92771872621165
21.Ene.16,3.92104377671289
22.Ene.16,3.92104377671289
25.Ene.16,3.92215064535521
26.Ene.16,3.92215064535521
27.Ene.16,3.92452680604566
28.Ene.16,3.93008386535487
29.Ene.16,3.93258840088658
01.Feb.16,3.93367047650532
02.Feb.16,3.9397744327657
03.Feb.16,3.93977607792112
04.Feb.16,3.94159223019408
05.Feb.16,3.94760273157287
08.Feb.16,3.95051182301218
09.Feb.16,3.95492502225089
10.Feb.16,3.96316899747876
11.Feb.16,4.00665757338732
12.Feb.16,4.02608088276275
15.Feb.16,4.03856870101771
16.Feb.16,4.04815398504155
17.Feb.16,4.05689901809156
18.Feb.16,4.06893150716992
19.Feb.16,4.0746379483839
22.Feb.16,4.08179769947265
23.Feb.16,4.08804348319454
24.Feb.16,4.09254952364848
25.Feb.16,4.09288976555458
26.Feb.16,4.09288976555458
29.Feb.16,4.09302620161156
01.Mar.16,4.08692465552627
02.Mar.16,4.08515461417198
03.Mar.16,4.08550527354915
04.Mar.16,4.08550527354915
07.Mar.16,4.08635075517727
08.Mar.16,4.08635075517727
09.Mar.16,4.08882679055632
10.Mar.16,4.12973352869913
11.Mar.16,4.12973352869913
14.Mar.16,4.13091160028619
15.Mar.16,4.13091160028619
16.Mar.16,4.13333636645122
17.Mar.16,4.1351275598696
18.Mar.16,4.1351275598696
21.Mar.16,4.13626988473623
22.Mar.16,4.13626988473623
23.Mar.16,4.13875448890904
24.Mar.16,n.d.
25.Mar.16,n.d.
28.Mar.16,4.13990558872089
29.Mar.16,4.13990558872089
30.Mar.16,4.14218015952084
31.Mar.16,4.14377078603906
01.Abr.16,4.14377078603906
04.Abr.16,4.14481239427479
05.Abr.16,4.14481239427479
06.Abr.16,4.14685943564921
07.Abr.16,4.19127447363658
08.Abr.16,4.19127447363658
11.Abr.16,4.19918079674488
12.Abr.16,4.22133102288498
13.Abr.16,4.24894189547824
14.Abr.16,4.2911419394784
15.Abr.16,4.30629578294044
18.Abr.16,4.3102178383086
19.Abr.16,4.32095953989327
20.Abr.16,4.32210725485113
21.Abr.16,4.32295083317645
22.Abr.16,4.32295083317645
25.Abr.16,4.32324518948385
26.Abr.16,4.32324518948385
27.Abr.16,4.32390789905721
28.Abr.16,4.32472631283219
29.Abr.16,4.32472631283219
02.May.16,4.32515623539313
03.May.16,4.32515623539313
04.May.16,4.32616207451651
05.May.16,4.32688492710422
06.May.16,4.32688492710422
09.May.16,4.32720421732967
10.May.16,4.33340474574687
11.May.16,4.34196987983118
12.May.16,4.38585982481258
13.May.16,4.38585982481258
16.May.16,4.38607535578736
17.May.16,4.38607535578736
18.May.16,4.38723244520116
19.May.16,4.38808418980018
20.May.16,4.38808418980018
23.May.16,4.38827555344147
24.May.16,4.39905268493509
25.May.16,4.40114141107528
26.May.16,4.40210390606163
27.May.16,4.40210390606163
30.May.16,4.40254439184563
31.May.16,4.40254439184563
01.Jun.16,4.40409214960298
02.Jun.16,4.40508076963286
03.Jun.16,4.40508076963286
06.Jun.16,4.40542127262575
07.Jun.16,4.40542127262575
08.Jun.16,4.40680817041719
09.Jun.16,4.47443098893629
10.Jun.16,4.4869201998274
13.Jun.16,4.49764248041377
14.Jun.16,4.4995682289297
15.Jun.16,4.50686891087138
16.Jun.16,4.51195514395208
17.Jun.16,4.52010054409149
20.Jun.16,4.52006281595678
21.Jun.16,4.52006281595678
22.Jun.16,4.52118677091402
23.Jun.16,4.52168943851603
24.Jun.16,4.52259997995392
27.Jun.16,4.52252007103021
28.Jun.16,4.52424599056753
29.Jun.16,n.d.
30.Jun.16,4.52474046876263
01.Jul.16,4.52474046876263
04.Jul.16,4.52450880005946
05.Jul.16,4.52450880005946
06.Jul.16,4.52535317271511
07.Jul.16,4.52567740264229
08.Jul.16,4.52567740264229
11.Jul.16,4.52930160429111
12.Jul.16,4.53372672119415
13.Jul.16,4.45911757462995
14.Jul.16,4.52064702226771
15.Jul.16,4.47015194494721
18.Jul.16,4.48033128612538
19.Jul.16,4.49456020960225
20.Jul.16,4.56183960862089
21.Jul.16,4.56547164593299
22.Jul.16,4.56547164593299
25.Jul.16,4.56601079236411
26.Jul.16,4.56601079236411
27.Jul.16,4.56792255465836
28.Jul.16,n.d.
29.Jul.16,n.d.
01.Ago.16,4.56828372883934
02.Ago.16,4.56828372883934
03.Ago.16,4.57135512936864
04.Ago.16,4.58062315920715
05.Ago.16,4.58187109395987
08.Ago.16,4.58078783558832
09.Ago.16,4.578941814893
10.Ago.16,4.58259484047326
11.Ago.16,4.61480384652188
12.Ago.16,4.61444144391687
15.Ago.16,4.66558896734107
16.Ago.16,4.66540905267989
17.Ago.16,4.66793709703182
18.Ago.16,4.67160542360019
19.Ago.16,4.66897595969331
22.Ago.16,4.66942788966851
23.Ago.16,4.67120368245842
24.Ago.16,4.67178377878927
25.Ago.16,4.67190048151521
26.Ago.16,4.67190048151521
29.Ago.16,4.67253711495715
30.Ago.16,n.d.
31.Ago.16,4.67306691228906
01.Set.16,4.673219002056
02.Set.16,4.673219002056
05.Set.16,4.67178622665762
06.Set.16,4.67126531185288
07.Set.16,4.66955586561045
08.Set.16,4.68821936373303
09.Set.16,4.68780805243085
12.Set.16,4.68773156993153
13.Set.16,4.68699474892473
14.Set.16,4.68676799898045
15.Set.16,4.68620831298762
16.Set.16,4.68620831298762
19.Set.16,4.68591772422698
20.Set.16,4.68485790220886
21.Set.16,4.68527440163684
22.Set.16,4.684215042369
23.Set.16,4.684215042369
26.Set.16,4.68409992981839
27.Set.16,4.68409992981839
28.Set.16,4.68428260494549
29.Set.16,4.68428889353295
30.Set.16,4.68428889353295
03.Oct.16,4.68420727263407
04.Oct.16,4.68420727263407
05.Oct.16,4.6843782536007
06.Oct.16,4.69829439582947
07.Oct.16,4.69829439582947
10.Oct.16,4.69806196763996
11.Oct.16,4.69840266814899
12.Oct.16,4.69808179312881
13.Oct.16,4.70800824899754
14.Oct.16,4.70650733371235
17.Oct.16,4.70380742121948
18.Oct.16,4.70029748300571
19.Oct.16,4.69949153410131
20.Oct.16,4.69929483105024
21.Oct.16,4.69929483105024
24.Oct.16,4.69895624885971
25.Oct.16,4.69895624885971
26.Oct.16,4.69888084563515
27.Oct.16,4.69870730020027
28.Oct.16,4.69870730020027
31.Oct.16,4.69835955628298
01.Nov.16,n.d.
02.Nov.16,4.69830684831973
03.Nov.16,4.69809094538198
04.Nov.16,4.69809094538198
07.Nov.16,4.69903299344503
08.Nov.16,4.69903299344503
09.Nov.16,4.69899039650784
10.Nov.16,4.71762600578351
11.Nov.16,4.71762600578351
14.Nov.16,4.71718053033613
15.Nov.16,4.71718053033613
16.Nov.16,4.72093133519602
17.Nov.16,n.d.
18.Nov.16,n.d.
21.Nov.16,4.72403678741928
22.Nov.16,4.72403678741928
23.Nov.16,4.72915067094285
24.Nov.16,4.72875725122715
25.Nov.16,4.72875725122715
28.Nov.16,4.72824538783568
29.Nov.16,4.72824538783568
30.Nov.16,4.7279732264937
01.Dic.16,4.72758131428822
02.Dic.16,4.72758131428822
05.Dic.16,4.72706078281318
06.Dic.16,4.72706078281318
07.Dic.16,4.72679100014655
08.Dic.16,n.d.
09.Dic.16,4.72679100014655
12.Dic.16,4.72617354910937
13.Dic.16,4.73579316964324
14.Dic.16,4.73555499111
15.Dic.16,4.75218598002129
16.Dic.16,4.75218598002129
19.Dic.16,4.75154328295844
20.Dic.16,4.75154328295844
21.Dic.16,4.75167168020033
22.Dic.16,4.75114854304868
23.Dic.16,4.75114854304868
26.Dic.16,4.75069180208461
27.Dic.16,4.75086899723051
28.Dic.16,4.75086899723051
29.Dic.16,4.75086899723051
30.Dic.16,4.75086899723051
02.Ene.17,4.75047646383469
03.Ene.17,4.75047646383469
04.Ene.17,4.75029281851942
05.Ene.17,4.74897216033227
06.Ene.17,4.74756287966914
09.Ene.17,4.74704969665679
10.Ene.17,4.74704969665679
11.Ene.17,4.74537597877713
12.Ene.17,4.75218024002482
13.Ene.17,4.74535407510554
16.Ene.17,4.74123726995841
17.Ene.17,4.73717627204457
18.Ene.17,4.73257825991072
19.Ene.17,4.72904216864989
20.Ene.17,4.7258613937479
23.Ene.17,4.72395582321154
24.Ene.17,4.72288683425065
25.Ene.17,4.72068140325255
26.Ene.17,4.71939653761563
27.Ene.17,4.71849050178007
30.Ene.17,4.71453271119729
31.Ene.17,4.71279504028209
01.Feb.17,4.71286204567374
02.Feb.17,4.7127417021227
03.Feb.17,4.7127417021227
06.Feb.17,4.71248140977951
07.Feb.17,4.7106481039574
08.Feb.17,4.7072387999431
09.Feb.17,4.6965218486436
10.Feb.17,4.68975827505202
13.Feb.17,4.68560085374024
14.Feb.17,4.68344255731548
15.Feb.17,4.68140462540983
16.Feb.17,4.6833686828717
17.Feb.17,4.68131872554502
20.Feb.17,4.67861769813414
21.Feb.17,4.67609712085093
22.Feb.17,4.67369296235681
23.Feb.17,4.6711375293057
24.Feb.17,4.66869428827218
27.Feb.17,4.66484473544507
28.Feb.17,4.66290784072971
01.Mar.17,4.66305197126338
02.Mar.17,4.66731958252257
03.Mar.17,4.66731958252257
06.Mar.17,4.66708916769749
07.Mar.17,4.66860393686826
08.Mar.17,4.67057735111113
09.Mar.17,4.67464184549514
10.Mar.17,4.67649870020172
13.Mar.17,4.67678936693879
14.Mar.17,4.6761316096855
15.Mar.17,4.67615667729444
16.Mar.17,4.67527837028078
17.Mar.17,4.67423755459133
20.Mar.17,4.67493026383898
21.Mar.17,4.67632578206992
22.Mar.17,4.67776548978213
23.Mar.17,4.67905965575164
24.Mar.17,4.6781091515156
27.Mar.17,4.67727723120418
28.Mar.17,4.67036216934699
29.Mar.17,4.66497482929626
30.Mar.17,4.65772823190808
31.Mar.17,4.65772823190808
03.Abr.17,4.65733023569205
04.Abr.17,4.65733023569205
05.Abr.17,4.65707298949012
06.Abr.17,4.65367145639684
07.Abr.17,4.65367145639684
10.Abr.17,4.65451419915648
11.Abr.17,4.67504522918219
12.Abr.17,4.67466236883668
13.Abr.17,n.d.
14.Abr.17,n.d.
17.Abr.17,4.67101591303458
18.Abr.17,4.66670614530204
19.Abr.17,4.65547606842967
20.Abr.17,4.64779626745661
21.Abr.17,4.64504616040064
24.Abr.17,4.6459876931987
25.Abr.17,4.64220728069862
26.Abr.17,4.63801197562108
27.Abr.17,4.63368338812884
28.Abr.17,4.63642186444897
01.May.17,n.d.
02.May.17,4.64249926091504
03.May.17,4.64196715525626
04.May.17,4.64506340110233
05.May.17,4.64506340110233
08.May.17,4.64441251321692
09.May.17,4.64441251321692
10.May.17,4.63931019271796
11.May.17,4.62015523270169
12.May.17,4.61195379720773
15.May.17,4.60589850342793
16.May.17,4.60469935241728
17.May.17,4.59765985936622
18.May.17,4.59186370331674
19.May.17,4.59186370331674
22.May.17,4.59108975334683
23.May.17,4.59108975334683
24.May.17,4.5903609258817
25.May.17,4.58957943688662
26.May.17,4.58957943688662
29.May.17,4.588767131205
30.May.17,4.588767131205
31.May.17,4.58799988453241
01.Jun.17,4.58720185701826
02.Jun.17,4.58720185701826
05.Jun.17,4.58636234670586
06.Jun.17,4.59350233934174
07.Jun.17,4.5926763296474
08.Jun.17,4.58729272823067
09.Jun.17,4.58729272823067
12.Jun.17,4.58034059763737
13.Jun.17,4.57128848922492
14.Jun.17,4.56189186774573
15.Jun.17,4.5615585799787
16.Jun.17,4.56433248296141
19.Jun.17,4.56616952890304
20.Jun.17,4.56616952890304
21.Jun.17,4.56531968696267
22.Jun.17,4.56444930079745
23.Jun.17,4.56444930079745
26.Jun.17,4.56356965308955
27.Jun.17,4.56356965308955
28.Jun.17,4.56271437798929
29.Jun.17,n.d.
30.Jun.17,n.d.
03.Jul.17,4.56181626282481
04.Jul.17,4.56181626282481
05.Jul.17,4.56095368304197
06.Jul.17,4.56408783797095
07.Jul.17,4.56408783797095
10.Jul.17,4.56310320267895
11.Jul.17,4.56626089766899
12.Jul.17,4.56527280797323
13.Jul.17,4.56087249289745
14.Jul.17,4.56087249289745
17.Jul.17,4.55975335620211
18.Jul.17,4.55975335620211
19.Jul.17,4.55868781457516
20.Jul.17,4.55752359227815
21.Jul.17,4.55752359227815
24.Jul.17,4.55634966038057
25.Jul.17,4.55634966038057
26.Jul.17,4.55526718071885
27.Jul.17,n.d.
28.Jul.17,n.d.
31.Jul.17,4.55406118756052
01.Ago.17,4.55406118756052
02.Ago.17,4.55294649686885
03.Ago.17,4.55219861647501
04.Ago.17,4.55219861647501
07.Ago.17,4.55093697283095
08.Ago.17,4.54442387229923
09.Ago.17,4.52601067306501
10.Ago.17,4.48633263584093
11.Ago.17,4.45572875193316
14.Ago.17,4.43694921667447
15.Ago.17,4.42708218655044
16.Ago.17,4.41951388888891
17.Ago.17,4.4056351429011
18.Ago.17,4.39633101953668
21.Ago.17,4.38633120752664
22.Ago.17,4.38025172870156
23.Ago.17,4.37069282627353
24.Ago.17,4.36411951998899
25.Ago.17,4.35573918346631
28.Ago.17,4.34670169662734
29.Ago.17,4.33113866476391
30.Ago.17,n.d.
31.Ago.17,4.31141708009012
01.Set.17,4.30431424198828
04.Set.17,4.30356994406168
05.Set.17,4.30356994406168
06.Set.17,4.30291166990402
07.Set.17,4.28413958896821
08.Set.17,4.28413958896821
11.Set.17,4.28335948935676
12.Set.17,4.27410921543406
13.Set.17,4.24898229812374
14.Set.17,4.22159905576098
15.Set.17,4.18477756727764
18.Set.17,4.17650536196918
19.Set.17,4.16403510214149
20.Set.17,4.14787334182534
21.Set.17,4.1453444107555
22.Set.17,4.1453444107555
25.Set.17,4.1447502202089
26.Set.17,4.14050413583467
27.Set.17,4.13718613340128
28.Set.17,4.1337962639244
29.Set.17,4.12917931649084
02.Oct.17,4.1317487877131
03.Oct.17,4.1317487877131
04.Oct.17,4.13103083782391
05.Oct.17,4.10388649423085
06.Oct.17,4.09934827547365
09.Oct.17,4.09200522508765
10.Oct.17,4.08828583463284
11.Oct.17,4.07957012935828
12.Oct.17,4.05141426772085
13.Oct.17,4.04604452656723
16.Oct.17,4.04315380385736
17.Oct.17,4.04116965976351
18.Oct.17,4.03848762269204
19.Oct.17,4.0328352159911
20.Oct.17,4.03125748376507
23.Oct.17,4.02986370093054
24.Oct.17,4.02986370093054
25.Oct.17,4.02946693166239
26.Oct.17,4.02659089821936
27.Oct.17,4.02585367236868
30.Oct.17,4.02336833259595
31.Oct.17,4.02336833259595
01.Nov.17,n.d.
02.Nov.17,4.02294702271643
03.Nov.17,4.02294702271643
06.Nov.17,4.02135621944404
07.Nov.17,4.02743004814119
08.Nov.17,4.02062635398856
09.Nov.17,4.00459432573077
10.Nov.17,3.99835023867244
13.Nov.17,3.99246894691342
14.Nov.17,3.98855597000601
15.Nov.17,3.98799956329431
16.Nov.17,3.99451470110832
17.Nov.17,3.9913381113316
20.Nov.17,3.98612068319389
21.Nov.17,3.98329647887115
22.Nov.17,3.98267451328966
23.Nov.17,3.98213570706967
24.Nov.17,3.98213570706967
27.Nov.17,3.98153380315658
28.Nov.17,3.98153380315658
29.Nov.17,3.98098806857226
30.Nov.17,3.98045222322282
01.Dic.17,3.98045222322282
04.Dic.17,3.98209714358895
05.Dic.17,3.99623884898317
06.Dic.17,3.99566773040554
07.Dic.17,3.96980875078941
08.Dic.17,n.d.
11.Dic.17,3.96883168266124
12.Dic.17,3.98170861098319
13.Dic.17,3.97814878693046
14.Dic.17,3.97164823919527
15.Dic.17,3.96603286530311
18.Dic.17,3.96633677764773
19.Dic.17,3.96633677764773
20.Dic.17,3.9650674775916
21.Dic.17,3.96413339794649
22.Dic.17,3.96413339794649
25.Dic.17,n.d.
26.Dic.17,3.96500177599058
27.Dic.17,3.96422533377176
28.Dic.17,3.96336259354542
29.Dic.17,3.96336259354542
01.Ene.18,n.d.
02.Ene.18,n.d.
03.Ene.18,3.96252103024653
04.Ene.18,3.96199343737705
05.Ene.18,3.96199343737705
08.Ene.18,3.96100708579302
09.Ene.18,3.91982154492269
10.Ene.18,3.9183655982121
11.Ene.18,3.86086532451018
12.Ene.18,3.83552687105692
15.Ene.18,3.80079067244011
16.Ene.18,3.76797312861161
17.Ene.18,3.73671160573771
18.Ene.18,3.72229732030702
19.Ene.18,3.72229732030702
22.Ene.18,3.72135149101158
23.Ene.18,3.72135149101158
24.Ene.18,3.7203978619091
25.Ene.18,3.72099048824023
26.Ene.18,3.71089947022324
29.Ene.18,3.69300007531256
30.Ene.18,3.67847283788046
31.Ene.18,3.67759408527435
01.Feb.18,3.67667067774961
02.Feb.18,3.67667067774961
05.Feb.18,3.67575822590491
06.Feb.18,3.66130954568206
07.Feb.18,3.64335862557741
08.Feb.18,3.57877860504978
09.Feb.18,3.56306633077726
12.Feb.18,3.54946619228171
13.Feb.18,3.51641654570005
14.Feb.18,3.49694242434555
15.Feb.18,3.48349104077793
16.Feb.18,3.47423680580807
19.Feb.18,3.47303025393141
20.Feb.18,3.47303025393141
21.Feb.18,3.4718685891291
22.Feb.18,3.47154856553423
23.Feb.18,3.47154856553423
26.Feb.18,3.47034160312242
27.Feb.18,3.45554181605544
28.Feb.18,3.45111834583205
01.Mar.18,3.45000430325351
02.Mar.18,3.45000430325351
05.Mar.18,3.44886428609013
06.Mar.18,3.43523313630254
07.Mar.18,3.42330335155893
08.Mar.18,3.36951249701419
09.Mar.18,3.35678472827446
12.Mar.18,3.33756764369283
13.Mar.18,3.31550657449075
14.Mar.18,3.29761741058399
15.Mar.18,3.26444975904805
16.Mar.18,3.25595353617087
19.Mar.18,3.25497167744429
20.Mar.18,3.24973207159617
21.Mar.18,3.2488002249428
22.Mar.18,3.22490124958262
23.Mar.18,3.22490124958262
26.Mar.18,3.22389765393205
27.Mar.18,3.2267530237282
28.Mar.18,3.22797470859229
29.Mar.18,n.d.
30.Mar.18,n.d.
02.Abr.18,3.22694366066744
03.Abr.18,3.22694366066744
04.Abr.18,3.2260236722868
05.Abr.18,3.21705040846053
06.Abr.18,3.21705040846053
09.Abr.18,3.21599601669197
10.Abr.18,3.20012478888161
11.Abr.18,3.19872883693266
12.Abr.18,3.14147154247615
13.Abr.18,n.d.
16.Abr.18,3.1367785943976
17.Abr.18,3.1192960431824
18.Abr.18,3.11375780819567
19.Abr.18,3.08458502472643
20.Abr.18,3.08458502472643
23.Abr.18,3.0836706365027
24.Abr.18,3.0836706365027
25.Abr.18,3.08295853321469
26.Abr.18,3.07895523691047
27.Abr.18,3.07895523691047
30.Abr.18,3.078049409253
01.May.18,n.d.
02.May.18,3.07727371572303
03.May.18,3.07637420680575
04.May.18,3.07637420680575
07.May.18,3.0754418339268
08.May.18,3.05990628269701
09.May.18,3.05889683361819
10.May.18,3.02884072638614
11.May.18,3.02884072638614
14.May.18,3.02755392713388
15.May.18,3.01383829484033
16.May.18,3.00375015432505
17.May.18,2.99718284961513
18.May.18,2.99718284961513
21.May.18,2.99638271091583
22.May.18,2.99638271091583
23.May.18,2.99555233046813
24.May.18,2.99467071221825
25.May.18,2.99467071221825
28.May.18,2.99395555935646
29.May.18,2.99395555935646
30.May.18,2.99350285589162
31.May.18,2.99302124777476
01.Jun.18,2.99302124777476
04.Jun.18,2.99251544761118
05.Jun.18,2.99251544761118
06.Jun.18,2.99225794781686
07.Jun.18,2.97523353654121
08.Jun.18,2.97523353654121
11.Jun.18,2.97467650898408
12.Jun.18,2.96792328971047
13.Jun.18,2.96758216420971
14.Jun.18,2.96546492597109
15.Jun.18,2.96546492597109
18.Jun.18,2.96509457865373
19.Jun.18,2.96509457865373
20.Jun.18,2.96464287201859
21.Jun.18,2.96409063932897
22.Jun.18,2.96409063932897
25.Jun.18,2.96345537429292
26.Jun.18,2.96345537429292
27.Jun.18,2.96315745232631
28.Jun.18,2.96259329502566
29.Jun.18,2.96259329502566
02.Jul.18,2.96218442131537
03.Jul.18,2.96218442131537
04.Jul.18,2.9618891054017
05.Jul.18,2.96153819901518
06.Jul.18,2.96153819901518
09.Jul.18,2.96113188957944
10.Jul.18,2.97049355925411
11.Jul.18,2.97002520277656
12.Jul.18,2.94195872463108
13.Jul.18,2.93673828006979
16.Jul.18,2.93309602404495
17.Jul.18,2.92915119331886
18.Jul.18,2.92535633419798
19.Jul.18,2.93663782677076
20.Jul.18,2.93663782677076
23.Jul.18,2.93609778320149
24.Jul.18,2.94557994159911
25.Jul.18,2.94526490434368
26.Jul.18,2.94475849639989
27.Jul.18,n.d.
30.Jul.18,2.944189407058
31.Jul.18,2.944189407058
01.Ago.18,2.9436697622554
02.Ago.18,2.94287626668028
03.Ago.18,2.94287626668028
06.Ago.18,2.94156531531533
07.Ago.18,2.94156531531533
08.Ago.18,2.94105505517348
09.Ago.18,2.90519633554558
10.Ago.18,2.89083278694184
13.Ago.18,2.87344131198623
14.Ago.18,2.86331780395717
15.Ago.18,2.8538474371828
16.Ago.18,2.84852468020411
17.Ago.18,2.84852468020411
20.Ago.18,2.84792751792992
21.Ago.18,2.84792751792992
22.Ago.18,2.84765419279154
23.Ago.18,2.84722372969853
24.Ago.18,2.84722372969853
27.Ago.18,2.8466776280728
28.Ago.18,2.8466776280728
29.Ago.18,2.84640837939745
30.Ago.18,n.d.
31.Ago.18,n.d.
03.Set.18,2.84580595565309
04.Set.18,2.85507729466596
05.Set.18,2.85573244725758
06.Set.18,2.77594089084665
07.Set.18,2.77123755162539
10.Set.18,2.78097192834583
11.Set.18,2.74919466657212
12.Set.18,2.73932796445434
13.Set.18,2.73628852881
14.Set.18,2.73628852881
17.Set.18,2.7330241381832
18.Set.18,2.77428868249193
19.Set.18,2.77428868249193
20.Set.18,2.77428868249193
21.Set.18,2.77428868249193
24.Set.18,2.77428868249193
25.Set.18,2.77428868249193
26.Set.18,2.72592159344839
27.Set.18,2.72594870787449
28.Set.18,2.72594870787449
01.Oct.18,2.72582193755744
02.Oct.18,2.73485080624205
03.Oct.18,2.73518029934841
04.Oct.18,2.73522971912821
05.Oct.18,2.73439822844525
08.Oct.18,n.d.
09.Oct.18,2.7392610244971
10.Oct.18,2.73710277858052
11.Oct.18,2.67276998038248
12.Oct.18,2.67276998038248
15.Oct.18,2.67264508786453
16.Oct.18,2.66693157927117
17.Oct.18,2.66436040291251
18.Oct.18,2.65819820508077
19.Oct.18,2.65819820508077
22.Oct.18,2.65810657211852
23.Oct.18,2.65810657211852
24.Oct.18,2.65879328733978
25.Oct.18,2.65836343813084
26.Oct.18,2.65732290029135
29.Oct.18,2.65617797079556
30.Oct.18,2.65617797079556
31.Oct.18,2.65617797079556
01.Nov.18,n.d.
02.Nov.18,n.d.
05.Nov.18,2.65689025227595
06.Nov.18,2.67319804295607
07.Nov.18,2.6739533811266
08.Nov.18,2.66053500827727
09.Nov.18,2.6618566362814
12.Nov.18,2.66303869016077
13.Nov.18,2.66517865376232
14.Nov.18,2.66831927817986
15.Nov.18,2.67085810917804
16.Nov.18,2.67085810917804
19.Nov.18,2.67089408260247
20.Nov.18,2.67099561444786
21.Nov.18,2.67169863049193
22.Nov.18,2.67216560505828
23.Nov.18,2.67216560505828
26.Nov.18,2.67224262160174
27.Nov.18,2.67224262160174
28.Nov.18,2.67297498873485
29.Nov.18,2.67340747556382
30.Nov.18,2.67340747556382
03.Dic.18,2.673456214456
04.Dic.18,2.673456214456
05.Dic.18,2.67419996648768
06.Dic.18,2.67570350368723
07.Dic.18,2.67570350368723
10.Dic.18,2.67572071280153
11.Dic.18,2.67339571651118
12.Dic.18,2.67658211702574
13.Dic.18,2.67857423727378
14.Dic.18,2.6805718470773
17.Dic.18,2.69018871704893
18.Dic.18,2.69108343562555
19.Dic.18,2.6918273831474
20.Dic.18,2.6923802008528
21.Dic.18,2.6923802008528
24.Dic.18,n.d.
25.Dic.18,n.d.
26.Dic.18,2.69313685147975
27.Dic.18,2.69368420171443
28.Dic.18,2.69368420171443
31.Dic.18,2.6938621629025
01.Ene.19,n.d.
02.Ene.19,2.69462963620124
03.Ene.19,2.69827615868795
04.Ene.19,2.69827615868795
07.Ene.19,2.69734883081319
08.Ene.19,2.70131648398709
09.Ene.19,2.70396501939433
10.Ene.19,2.70871273284963
11.Ene.19,2.71097982715621
14.Ene.19,2.71374061776777
15.Ene.19,2.71451957073616
16.Ene.19,2.71608041548716
17.Ene.19,2.71776834148814
18.Ene.19,2.71776834148814
21.Ene.19,2.7178268573505
22.Ene.19,2.7178268573505
23.Ene.19,2.71837367764214
24.Ene.19,2.71871861758416
25.Ene.19,2.71871861758416
28.Ene.19,2.71874810430217
29.Ene.19,2.7189679939605
30.Ene.19,2.72037622108408
31.Ene.19,2.72057901174759
01.Feb.19,2.72057901174759
04.Feb.19,2.73324251012143
05.Feb.19,2.73324251012143
06.Feb.19,2.7337583185207
07.Feb.19,2.73149559482326
08.Feb.19,2.72930460395965
11.Feb.19,2.73114040072888
12.Feb.19,2.7305569317474
13.Feb.19,2.72934777374131
14.Feb.19,2.7278867165236
15.Feb.19,2.72719678048451
18.Feb.19,2.72700113889403
19.Feb.19,2.72537411536717
20.Feb.19,2.72550818737828
21.Feb.19,2.72591577327201
22.Feb.19,2.72591577327201
25.Feb.19,2.72498285238438
26.Feb.19,2.72443534772235
27.Feb.19,2.72545443984215
28.Feb.19,2.72578745430096
01.Mar.19,2.72578745430096
04.Mar.19,2.73585991778759
05.Mar.19,2.73585991778759
06.Mar.19,2.73647432719125
07.Mar.19,2.73504869304143
08.Mar.19,2.73504869304143
11.Mar.19,2.73461714690282
12.Mar.19,2.73513387659718
13.Mar.19,2.73532210097374
14.Mar.19,2.74275823376967
15.Mar.19,2.74275823376967
18.Mar.19,2.74238550724743
19.Mar.19,2.74238550724743
20.Mar.19,2.743001672255
21.Mar.19,2.74306043753632
22.Mar.19,2.74306043753632
25.Mar.19,2.74256756417009
26.Mar.19,2.74256756417009
27.Mar.19,2.74317675751698
28.Mar.19,2.74323432050066
29.Mar.19,2.74323432050066
01.Abr.19,2.74274304749992
02.Abr.19,2.75489503390721
03.Abr.19,2.75528495709891
04.Abr.19,2.75522846185731
05.Abr.19,2.75522846185731
08.Abr.19,2.75458317912482
09.Abr.19,2.75458317912482
10.Abr.19,2.75478650405933
11.Abr.19,2.75208582469367
12.Abr.19,2.75122307347761
15.Abr.19,2.75044843472174
16.Abr.19,2.75044843472174
17.Abr.19,2.75066603589277
18.Abr.19,n.d.
19.Abr.19,n.d.
22.Abr.19,2.74982625172799
23.Abr.19,2.74982625172799
24.Abr.19,2.75000843765056
25.Abr.19,2.74984562136747
26.Abr.19,2.74984562136747
29.Abr.19,2.74898107604563
30.Abr.19,2.74898107604563
01.May.19,n.d.
02.May.19,2.74876923699423
03.May.19,2.76104391714978
06.May.19,2.76029715282114
07.May.19,2.75746547012683
08.May.19,2.75669203696526
09.May.19,2.75731405622771
10.May.19,2.75394424613844
13.May.19,2.75130897804071
14.May.19,2.75085322544883
15.May.19,2.75096537681282
16.May.19,2.75079638405459
17.May.19,2.75079638405459
20.May.19,2.75026896866733
21.May.19,2.75026896866733
22.May.19,2.75032336048665
23.May.19,2.75013003555807
24.May.19,2.75013003555807
27.May.19,2.7494715342649
28.May.19,2.7494715342649
29.May.19,2.7494466944255
30.May.19,2.74926590789263
31.May.19,2.74926590789263
03.Jun.19,2.74892246121559
04.Jun.19,2.74892246121559
05.Jun.19,2.74883384609016
06.Jun.19,2.74599207554073
07.Jun.19,2.74418722731008
10.Jun.19,2.74350638512397
11.Jun.19,2.74236007395974
12.Jun.19,2.74117070497492
13.Jun.19,2.74038359079437
14.Jun.19,2.74038359079437
17.Jun.19,2.740081848351
18.Jun.19,2.740081848351
19.Jun.19,2.73993373569263
20.Jun.19,2.7396295931657
21.Jun.19,2.7396295931657
24.Jun.19,2.73932113646142
25.Jun.19,2.73932113646142
26.Jun.19,2.7391570342967
27.Jun.19,2.73893851862228
28.Jun.19,2.73893851862228
01.Jul.19,2.73842021807119
02.Jul.19,2.73640928037558
03.Jul.19,2.73602947553718
04.Jul.19,2.73549568959571
05.Jul.19,2.73549568959571
08.Jul.19,2.73209540653103
09.Jul.19,2.73002086729874
10.Jul.19,2.72960622464425
11.Jul.19,2.72767124634937
12.Jul.19,2.72617954476984
15.Jul.19,2.72426270639634
16.Jul.19,2.72426270639634
17.Jul.19,2.72348042184222
18.Jul.19,2.72284479753381
19.Jul.19,2.72284479753381
22.Jul.19,2.72209933309465
23.Jul.19,2.72209933309465
24.Jul.19,2.72130152281304
25.Jul.19,2.72056461526066
26.Jul.19,2.72056461526066
29.Jul.19,n.d.
30.Jul.19,n.d.
31.Jul.19,2.71998181997298
01.Ago.19,2.71908364724089
02.Ago.19,2.72142488541488
05.Ago.19,2.72038881195406
06.Ago.19,2.72038881195406
07.Ago.19,2.71941951505582
08.Ago.19,2.7114947230254
09.Ago.19,2.69697017304692
12.Ago.19,2.68248812180656
13.Ago.19,2.66660793574159
14.Ago.19,2.65437133059676
15.Ago.19,2.64820014763401
16.Ago.19,2.64591616316945
19.Ago.19,2.6448533428335
20.Ago.19,2.6448533428335
21.Ago.19,2.64403716780736
22.Ago.19,2.64296109657377
23.Ago.19,2.64296109657377
26.Ago.19,2.64188893909445
27.Ago.19,2.64188893909445
28.Ago.19,2.64102478809585
29.Ago.19,n.d.
30.Ago.19,n.d.
02.Set.19,2.64009604625877
03.Set.19,2.64094454471686
04.Set.19,2.63986078284455
05.Set.19,2.63863661884554
06.Set.19,2.63863661884554
09.Set.19,2.63799089503138
10.Set.19,2.63799089503138
11.Set.19,2.63169610626985
12.Set.19,2.63190922397902
13.Set.19,2.62033624491752
16.Set.19,2.61913748530639
17.Set.19,2.61913748530639
18.Set.19,2.61913748530639
19.Set.19,2.61789753373541
20.Set.19,2.63986078284455
23.Set.19,2.61735015590836
24.Set.19,2.61735015590836
25.Set.19,2.61711193243924
26.Set.19,2.61684280579637
27.Set.19,2.61684280579637
30.Set.19,2.61646967847031
01.Oct.19,2.61646967847031
02.Oct.19,2.61339289809195
03.Oct.19,2.61290589708131
04.Oct.19,2.61290589708131
07.Oct.19,2.61250062989159
08.Oct.19,n.d.
09.Oct.19,2.61221252045266
10.Oct.19,2.60823906600198
11.Oct.19,2.6032054137159
14.Oct.19,2.59387333738519
15.Oct.19,2.58716803020545
16.Oct.19,2.58678997026142
17.Oct.19,2.58629088664515
18.Oct.19,2.58629088664515
21.Oct.19,2.58590815437439
22.Oct.19,2.58590815437439
23.Oct.19,2.58556401650936
24.Oct.19,2.58508403230302
25.Oct.19,2.58508403230302
28.Oct.19,2.58471420336545
29.Oct.19,2.58471420336545
30.Oct.19,2.58451715811679
31.Oct.19,n.d.
01.Nov.19,n.d.
04.Nov.19,2.5834876097809
05.Nov.19,2.5834876097809
06.Nov.19,2.58329084092955
07.Nov.19,2.56087072959183
08.Nov.19,2.55335181599478
11.Nov.19,2.54621766748621
12.Nov.19,2.53816063146958
13.Nov.19,2.52996710202403
14.Nov.19,2.52377642395297
15.Nov.19,2.52081178027745
18.Nov.19,2.52045811560213
19.Nov.19,2.52045811560213
20.Nov.19,2.52026630200376
21.Nov.19,2.51994408089369
22.Nov.19,2.51994408089369
25.Nov.19,2.5195823038089
26.Nov.19,2.5195823038089
27.Nov.19,2.51926141656363
28.Nov.19,2.51893114230601
29.Nov.19,2.51893114230601
02.Dic.19,2.51855142641753
03.Dic.19,2.50122969725424
04.Dic.19,2.5009415790269
05.Dic.19,2.50062223808741
06.Dic.19,2.50062223808741
09.Dic.19,2.50023870042994
10.Dic.19,2.50023870042994
11.Dic.19,2.49995254782956
12.Dic.19,2.49988701645892
13.Dic.19,2.49988701645892
16.Dic.19,2.49947245766689
17.Dic.19,2.49947245766689
18.Dic.19,2.49917561601468
19.Dic.19,2.49882635312571
20.Dic.19,2.49882635312571
23.Dic.19,2.4984050452786
24.Dic.19,2.4984050452786
25.Dic.19,n.d.
26.Dic.19,2.49796204641296
27.Dic.19,2.49796204641296
30.Dic.19,2.49749883142971
31.Dic.19,2.49749883142971
01.Ene.20,n.d.
02.Ene.20,2.77428868249193
03.Ene.20,2.78859981947295
06.Ene.20,2.78859981947295
07.Ene.20,2.69827615868795
08.Ene.20,2.47312881670725
09.Ene.20,2.46628978739304
10.Ene.20,2.46366962658843
13.Ene.20,2.45875130601815
14.Ene.20,2.45122651081925
15.Ene.20,2.45087391990225
16.Ene.20,2.45088844190782
17.Ene.20,2.45088844190782
20.Ene.20,2.45088844190782
21.Ene.20,2.44990211762859
22.Ene.20,2.44958536462348
23.Ene.20,2.44942781721844
24.Ene.20,2.44942781721844
27.Ene.20,2.44887588380549
28.Ene.20,2.44852993415318
29.Ene.20,2.44821623586093
30.Ene.20,2.4480501551498
31.Ene.20,2.4480501551498
03.Feb.20,2.44766421540082
04.Feb.20,2.4276947225515
05.Feb.20,2.42710686484672
06.Feb.20,2.42364249853522
07.Feb.20,2.42364249853522
10.Feb.20,2.41911677425839
11.Feb.20,2.41855316881189
12.Feb.20,2.41126349781115
13.Feb.20,2.40158718163713
14.Feb.20,2.39546127007409
17.Feb.20,2.38648610759113
18.Feb.20,2.38016071579821
19.Feb.20,2.37486345654438
20.Feb.20,2.37248479296275
21.Feb.20,2.37248479296275
24.Feb.20,2.3722489716928
25.Feb.20,2.37205247165715
26.Feb.20,2.37196312259043
27.Feb.20,2.37195152206169
28.Feb.20,2.37195152206169
02.Mar.20,2.37171713120729
03.Mar.20,2.3539741509709
04.Mar.20,2.35370007992172
05.Mar.20,2.35386928703486
06.Mar.20,2.35386928703486
09.Mar.20,2.35328867434201
10.Mar.20,2.35275125546315
11.Mar.20,2.35250248317204
12.Mar.20,2.3523346803737
13.Mar.20,2.3523346803737
16.Mar.20,2.35196946863015
17.Mar.20,2.35193670441418
18.Mar.20,2.35186466922076
19.Mar.20,2.35186447996996
20.Mar.20,2.35186447996996
23.Mar.20,2.35148168854526
24.Mar.20,2.3512954619844
25.Mar.20,2.3512954619844
26.Mar.20,2.3512954619844
27.Mar.20,2.3512954619844
30.Mar.20,2.35074222943516
31.Mar.20,2.35026556153751
01.Abr.20,2.35026556153751
02.Abr.20,2.34086674090456
03.Abr.20,2.34086674090456
06.Abr.20,2.34086674090456
07.Abr.20,2.34224610299916
08.Abr.20,2.34224610299916
09.Abr.20,n.d.
10.Abr.20,n.d.
13.Abr.20,2.34224610299916
14.Abr.20,2.34224610299916
15.Abr.20,2.34224610299916
16.Abr.20,2.34224610299916
17.Abr.20,2.34224610299916
20.Abr.20,2.34224610299916
21.Abr.20,2.34224610299916
22.Abr.20,2.34224610299916
23.Abr.20,2.34224610299916
24.Abr.20,2.34224610299916
27.Abr.20,2.34224610299916
28.Abr.20,2.34224610299916
29.Abr.20,2.34224610299916
30.Abr.20,2.34224610299916
01.May.20,n.d.
04.May.20,2.34224610299916
05.May.20,2.31668414448436
06.May.20,2.31668414448436
07.May.20,2.31791466228304
08.May.20,2.31372218804227
11.May.20,2.30534774948675
12.May.20,2.2999407592042
13.May.20,2.28336466457053
14.May.20,2.25915692063451
15.May.20,2.2278141443867
18.May.20,2.20856249699569
19.May.20,2.17848911788159
20.May.20,2.14225471262797
21.May.20,2.11442673184508
22.May.20,2.08733005232406
25.May.20,2.06527779055027
26.May.20,2.04602256756444
27.May.20,2.03105423770864
28.May.20,2.01649701951489
29.May.20,2.00363894311487
01.Jun.20,1.99062441810687
02.Jun.20,1.97752722371937
03.Jun.20,1.96054301078197
04.Jun.20,1.90010384976571
05.Jun.20,1.87970508504007
08.Jun.20,1.87609953035264
09.Jun.20,1.85975111465716
10.Jun.20,1.84545684375712
11.Jun.20,1.82444310056861
12.Jun.20,1.81729169649275
15.Jun.20,1.83255502270983
16.Jun.20,1.80825961491538
17.Jun.20,1.78823120872088
18.Jun.20,1.78105790723581
19.Jun.20,1.79685346088627
22.Jun.20,1.790966375678
23.Jun.20,1.7741679376827
24.Jun.20,1.76260078763093
25.Jun.20,1.75050885729363
26.Jun.20,1.77431578620878
29.Jun.20,n.d.
30.Jun.20,1.75011161477254
01.Jul.20,1.74820844513374
02.Jul.20,1.68412978186026
03.Jul.20,1.66524896058422
06.Jul.20,1.64778986419198
07.Jul.20,1.67666193644468
08.Jul.20,1.65865099330109
09.Jul.20,1.64299485474511
10.Jul.20,1.6210996189389
13.Jul.20,1.60685662387667
14.Jul.20,1.63664325346143
15.Jul.20,1.61779360500216
16.Jul.20,1.60281299928128
17.Jul.20,1.58950758157866
20.Jul.20,1.5771417547493
21.Jul.20,1.61741045035156
22.Jul.20,1.60216491405914
23.Jul.20,1.60106349209211
24.Jul.20,1.61385071014542
27.Jul.20,1.60093817488292
28.Jul.20,n.d.
29.Jul.20,1.58421812568731
30.Jul.20,1.59176531952108
31.Jul.20,1.57924374588768
03.Ago.20,1.58541759475721
04.Ago.20,1.50661692388328
05.Ago.20,1.48542492319258
06.Ago.20,1.41206690471938
07.Ago.20,1.37812465568404
10.Ago.20,1.39704336880697
11.Ago.20,1.35826979537708
12.Ago.20,1.32043656421377
13.Ago.20,1.32166418769333
14.Ago.20,1.28063615933056
17.Ago.20,1.25999108378525
18.Ago.20,1.2236801809137
19.Ago.20,1.19219143090609
20.Ago.20,1.20947717441291
21.Ago.20,1.19250818168012
24.Ago.20,1.18245283019711
25.Ago.20,1.17261088940354
26.Ago.20,1.16297563662655
27.Ago.20,1.1852286962133
28.Ago.20,1.17533104051689
31.Ago.20,1.16744074547825
01.Set.20,1.1614789054872
02.Set.20,1.08531323245067
03.Set.20,1.09694370474773
04.Set.20,1.07649514179367
07.Set.20,1.05702070133513
08.Set.20,1.0867475271231
09.Set.20,1.05136260565067
10.Set.20,1.03477179451253
11.Set.20,1.01885504695381
14.Set.20,1.02925875183157
15.Set.20,1.04147255169257
16.Set.20,1.03001491867854
17.Set.20,1.04679815784102
18.Set.20,1.03268084128252
21.Set.20,1.06473720195184
22.Set.20,1.05420256531217
23.Set.20,1.04378657369893
24.Set.20,1.05880916423921
25.Set.20,1.04775353622551
28.Set.20,1.05033691035798
29.Set.20,1.04008217463813
30.Set.20,1.03612819800066
01.Oct.20,1.03612819800066
02.Oct.20,0.980512896747327
05.Oct.20,0.969428077498408
06.Oct.20,0.981187383115886
07.Oct.20,0.970594489649471
08.Oct.20,0.961222439240919
09.Oct.20,0.979398534033233
12.Oct.20,0.964016032427968
13.Oct.20,0.983892338007526
14.Oct.20,0.964279545683708
15.Oct.20,0.983387269648913
16.Oct.20,0.967327188336772
19.Oct.20,0.955483396661707
20.Oct.20,0.948478632717563
21.Oct.20,0.939924361808932
22.Oct.20,0.939446731782176
23.Oct.20,0.949356098578014
26.Oct.20,0.945922794498353
27.Oct.20,0.942526593021604
28.Oct.20,0.942629332835594
29.Oct.20,0.936381833877144
30.Oct.20,0.932315165626602
02.Nov.20,0.931855603834734
03.Nov.20,0.869412409883772
04.Nov.20,0.862391886333831
05.Nov.20,0.80521225150859
06.Nov.20,0.809767082987923
09.Nov.20,0.802672646937683
10.Nov.20,0.799169881131922
11.Nov.20,0.79215540758779
12.Nov.20,0.79895803047846
13.Nov.20,0.792149941907073
16.Nov.20,0.794114345524823
17.Nov.20,0.789330274500164
18.Nov.20,0.785452104852005
19.Nov.20,0.78293622866748
20.Nov.20,0.778204314909217
23.Nov.20,0.774546248080865
24.Nov.20,0.782723947922686
25.Nov.20,0.778879810070053
26.Nov.20,0.776430767291953
27.Nov.20,0.771604115721814
30.Nov.20,0.769298383294179
01.Dic.20,0.743831812512424
02.Dic.20,0.749721213975058
03.Dic.20,0.745456181356567
04.Dic.20,0.750007558221856
07.Dic.20,0.747402797605769
08.Dic.20,n.d.
09.Dic.20,0.751816141824504
10.Dic.20,0.76473975185613
11.Dic.20,0.756981404489327
14.Dic.20,0.750985062721113
15.Dic.20,0.768160785473219
16.Dic.20,0.770491554404143
17.Dic.20,0.765630350532496
18.Dic.20,0.785452104852005
21.Dic.20,0.78293622866748
22.Dic.20,0.778204314909217
23.Dic.20,0.758599339424994
24.Dic.20,0.754961810813999
25.Dic.20,n.d.
28.Dic.20,0.759971277326509
29.Dic.20,0.750116548488803
30.Dic.20,0.741833984870444
31.Dic.20,0.741833984870444
01.Ene.21,n.d.
04.Ene.21,0.746507873081113
05.Ene.21,0.67209154890099
06.Ene.21,0.664748004949855
07.Ene.21,0.663385020072456
08.Ene.21,0.663385020072456
11.Ene.21,0.663385020072456
12.Ene.21,0.668477411603743
13.Ene.21,0.668477411603743
14.Ene.21,0.660549829249869
15.Ene.21,0.654633069061214
18.Ene.21,0.648397036651854
19.Ene.21,0.65186479949292
20.Ene.21,0.659682489162788
21.Ene.21,0.654252998257696
22.Ene.21,0.648976602415932
25.Ene.21,0.644263990525392
26.Ene.21,0.648315469655083
27.Ene.21,0.646363938353033
28.Ene.21,0.646827214761233
29.Ene.21,0.646827214761233
01.Feb.21,0.64309601134324
02.Feb.21,0.575043740763676
03.Feb.21,0.572185489910578
04.Feb.21,0.511920508374787
05.Feb.21,0.517823710688808
08.Feb.21,0.514349298875885
09.Feb.21,0.487652995994042
10.Feb.21,0.488915526071867
11.Feb.21,0.486213125847982
12.Feb.21,0.486066506085617
15.Feb.21,0.481470651081268
16.Feb.21,0.489541535644733
17.Feb.21,0.488577151731825
18.Feb.21,0.485356832977649
19.Feb.21,0.482994115757566
22.Feb.21,0.481600921575467
23.Feb.21,0.489493432357621
24.Feb.21,0.485927458411183
25.Feb.21,0.486612084582335
26.Feb.21,0.486612084582335
01.Mar.21,0.483353353393769
02.Mar.21,0.470497451091691
03.Mar.21,0.467935650014023
04.Mar.21,0.465917636653799
05.Mar.21,0.463932725775242
08.Mar.21,0.463932725775242
09.Mar.21,0.463932725775242
10.Mar.21,0.46475825643183
11.Mar.21,0.46198324002445
12.Mar.21,0.459777536614458
15.Mar.21,0.457336274795204
16.Mar.21,0.461506219712282
17.Mar.21,0.461506219712282
18.Mar.21,0.461506219712282
19.Mar.21,0.456438286966033
22.Mar.21,0.457912661654593
23.Mar.21,0.456304586791366
24.Mar.21,0.454731412425118
25.Mar.21,0.459114321739692
26.Mar.21,0.459114321739692
29.Mar.21,0.459114321739692
30.Mar.21,0.456780366711452
31.Mar.21,0.462189454560809
01.Abr.21,n.d.
02.Abr.21,n.d.
05.Abr.21,0.463668750228501
06.Abr.21,0.460514402469324
07.Abr.21,0.46019174239575
08.Abr.21,0.459235325786579
09.Abr.21,0.458216646965895
12.Abr.21,0.464679285182918
13.Abr.21,0.466873945852257
14.Abr.21,0.465406407816669
15.Abr.21,0.467955089354738
16.Abr.21,0.468962895689373
19.Abr.21,0.468962895689373
20.Abr.21,0.468962895689373
21.Abr.21,0.468962895689373
22.Abr.21,0.468962895689373
23.Abr.21,0.470008965910683
26.Abr.21,0.471596413915606
27.Abr.21,0.473336085166017
28.Abr.21,0.473336085166017
29.Abr.21,0.473336085166017
30.Abr.21,0.473336085166017
03.May.21,0.473336085166017
04.May.21,0.456017260343247
05.May.21,0.456017260343247
06.May.21,0.458089347447529
07.May.21,0.458089347447529
10.May.21,0.458650715981853
11.May.21,0.458650715981853
12.May.21,0.460240920356381
13.May.21,0.469913267488342
14.May.21,0.469913267488342
17.May.21,0.469913267488342
18.May.21,0.469913267488342
19.May.21,0.469913267488342
20.May.21,0.444509150134338
21.May.21,0.443830208167583
24.May.21,0.449568868220796
25.May.21,0.448585854833998
26.May.21,0.447569659803211
27.May.21,0.446821776941455
28.May.21,0.445860551566433
31.May.21,0.44539154013894
01.Jun.21,0.444141584734721
02.Jun.21,0.442723787153482
03.Jun.21,0.43581938311555
04.Jun.21,0.433120002297239
07.Jun.21,0.434466996395401
08.Jun.21,0.431259491264568
09.Jun.21,0.430788621966864
10.Jun.21,0.430462547243845
11.Jun.21,0.428718213575186
14.Jun.21,0.429632563309518
15.Jun.21,0.429201479328505
16.Jun.21,0.429111479613559
17.Jun.21,0.429014753441726
18.Jun.21,0.428680202327957
21.Jun.21,0.433150060428503
22.Jun.21,0.432685736077374
23.Jun.21,0.433867005471972
24.Jun.21,0.433191936693534
25.Jun.21,0.433191936693534
28.Jun.21,n.d.
29.Jun.21,n.d.
30.Jun.21,0.436325735689174
01.Jul.21,0.43468039479526
02.Jul.21,0.434633512112825
05.Jul.21,0.432155295763058
06.Jul.21,0.417243734666679
07.Jul.21,0.416587753791133
08.Jul.21,0.431203680193409
09.Jul.21,0.427656951859624
12.Jul.21,0.425067400633316
13.Jul.21,0.422893657326225
14.Jul.21,0.423958185142857
15.Jul.21,0.422810140008353
16.Jul.21,0.422358554449035
19.Jul.21,0.422109488512241
20.Jul.21,0.421787787919405
21.Jul.21,0.42052897729482
22.Jul.21,0.42052897729482
23.Jul.21,0.42052897729482
26.Jul.21,0.419720855505128
27.Jul.21,0.42539791255068
28.Jul.21,n.d.
29.Jul.21,n.d.
30.Jul.21,0.42539791255068
02.Ago.21,0.421989610689682
03.Ago.21,0.392162152666639
04.Ago.21,0.390684216574792
05.Ago.21,0.394836346506603
06.Ago.21,0.393650001733703
09.Ago.21,0.393650001733703
10.Ago.21,0.393650001733703
11.Ago.21,0.393650001733703
12.Ago.21,0.400361434405997
13.Ago.21,0.400361434405997
16.Ago.21,0.406835216778582
17.Ago.21,0.400961997027567
18.Ago.21,0.407113388294707
19.Ago.21,0.407353111489455
20.Ago.21,0.389618427055286
23.Ago.21,0.407362801349889
24.Ago.21,0.41478573180215
25.Ago.21,0.415057166311123
26.Ago.21,0.415964064949955
27.Ago.21,0.415964064949955
30.Ago.21,n.d.
31.Ago.21,0.415964064949955
01.Set.21,0.416539522487239
02.Set.21,0.427203879502215
03.Set.21,0.432810462903366
06.Set.21,0.440694350825785
07.Set.21,0.440694350825785
08.Set.21,0.440694350825785
09.Set.21,0.440694350825785
10.Set.21,0.450459133624661
13.Set.21,0.470926591309776
14.Set.21,0.479200861878263
15.Set.21,0.4855766478496
16.Set.21,0.493402422019182
17.Set.21,0.500960859084048
20.Set.21,0.519726545095662
21.Set.21,0.519726545095662
22.Set.21,0.519726545095662
23.Set.21,0.519726545095662
24.Set.21,0.544368323628273
27.Set.21,0.567937258415711
28.Set.21,0.567937258415711
29.Set.21,0.568447132018511
30.Set.21,0.568447132018511
01.Oct.21,0.569067430912706
04.Oct.21,0.569067430912706
05.Oct.21,0.569067430912706
06.Oct.21,0.569067430912706
07.Oct.21,0.569067430912706
08.Oct.21,n.d.
11.Oct.21,0.569067430912706
12.Oct.21,0.589061498917444
13.Oct.21,0.606977745549224
14.Oct.21,0.623529876801602
15.Oct.21,0.675744869338227
18.Oct.21,0.655144202521359
19.Oct.21,0.655144202521359
20.Oct.21,0.655144202521359
21.Oct.21,0.655144202521359
22.Oct.21,0.655144202521359
25.Oct.21,0.651388454774188
26.Oct.21,0.651388454774188
27.Oct.21,0.651388454774188
28.Oct.21,0.651388454774188
29.Oct.21,0.651388454774188
01.Nov.21,n.d.
02.Nov.21,0.659941626034492
03.Nov.21,0.659941626034492
04.Nov.21,0.659941626034492
05.Nov.21,0.659941626034492
08.Nov.21,0.659941626034492
09.Nov.21,0.659941626034492
10.Nov.21,0.659941626034492
11.Nov.21,0.659941626034492
12.Nov.21,0.720223977420719
15.Nov.21,0.76045527608942
16.Nov.21,0.808478549738357
17.Nov.21,0.808478549738357
18.Nov.21,0.79992575888947
19.Nov.21,0.79992575888947
22.Nov.21,0.79992575888947
23.Nov.21,0.79992575888947
24.Nov.21,0.79992575888947
25.Nov.21,0.79992575888947
26.Nov.21,0.79992575888947
29.Nov.21,0.79992575888947
30.Nov.21,0.802140491862945
01.Dic.21,0.802140491862945
02.Dic.21,0.802140491862945
03.Dic.21,0.802140491862945
06.Dic.21,0.802140491862945
07.Dic.21,0.802140491862945
08.Dic.21,n.d.
09.Dic.21,0.802140491862945
10.Dic.21,0.835970553716106
13.Dic.21,0.869507311338246
14.Dic.21,0.910350841869845
15.Dic.21,0.9396339788393
16.Dic.21,0.9396339788393
17.Dic.21,0.833486927774501
20.Dic.21,0.833486927774501
21.Dic.21,0.833486927774501
22.Dic.21,0.833486927774501
23.Dic.21,0.833486927774501
24.Dic.21,0.833486927774501
27.Dic.21,0.833486927774501
28.Dic.21,0.833486927774501
29.Dic.21,0.833486927774501
30.Dic.21,0.833486927774501
31.Dic.21,0.833486927774501
03.Ene.22,0.833486927774501
04.Ene.22,0.764494330991702
05.Ene.22,0.764494330991702
06.Ene.22,0.764494330991702
07.Ene.22,0.767484821234853
10.Ene.22,0.868373383909038
11.Ene.22,1.00907555722963
12.Ene.22,1.09155312731377
13.Ene.22,1.19339870518753
14.Ene.22,1.10772060903049
17.Ene.22,1.10772060903049
18.Ene.22,1.10772060903049
19.Ene.22,1.10772060903049
20.Ene.22,1.23006474824274
21.Ene.22,1.23006474824274
24.Ene.22,1.23006474824274
25.Ene.22,1.23006474824274
26.Ene.22,1.23006474824274
27.Ene.22,1.40826038777668
28.Ene.22,1.40826038777668
31.Ene.22,1.40826038777668
01.Feb.22,0.833486927774501
02.Feb.22,0.764494330991702
03.Feb.22,0.764494330991702
04.Feb.22,0.764494330991702
07.Feb.22,0.767484821234853
08.Feb.22,0.868373383909038
09.Feb.22,1.00907555722963
10.Feb.22,1.09155312731377
11.Feb.22,1.19339870518753
14.Feb.22,1.10772060903049
15.Feb.22,1.10772060903049
16.Feb.22,1.10772060903049
17.Feb.22,1.10772060903049
18.Feb.22,1.23006474824274
21.Feb.22,1.23006474824274
22.Feb.22,1.23006474824274
23.Feb.22,1.23006474824274
24.Feb.22,2.52174145149559
25.Feb.22,2.52174145149559
28.Feb.22,2.52174145149559
01.Mar.22,2.52174145149559
02.Mar.22,2.52174145149559
03.Mar.22,2.52802272113937
04.Mar.22,2.52802272113937
07.Mar.22,3.24642480793366
08.Mar.22,3.24642480793366
09.Mar.22,3.24642480793366
10.Mar.22,3.24642480793366
11.Mar.22,3.4129741144881
14.Mar.22,3.46837849181881
15.Mar.22,3.52591929813394
16.Mar.22,3.52591929813394
17.Mar.22,3.55780426606954
18.Mar.22,3.67202935261045
21.Mar.22,3.7615346168676
22.Mar.22,3.7615346168676
23.Mar.22,3.7615346168676
24.Mar.22,3.7615346168676
25.Mar.22,3.7615346168676
28.Mar.22,3.7615346168676
29.Mar.22,3.7615346168676
30.Mar.22,3.7615346168676
31.Mar.22,3.7615346168676
01.Abr.22,3.7615346168676
04.Abr.22,3.7615346168676
05.Abr.22,3.7615346168676
06.Abr.22,3.7615346168676
07.Abr.22,3.81973875824553
08.Abr.22,3.81973875824553
11.Abr.22,3.93434198506476
12.Abr.22,4.01561420151028
13.Abr.22,4.05865626272407
14.Abr.22,n.d.
15.Abr.22,n.d.
18.Abr.22,4.11173785539581
19.Abr.22,4.1378869308904
20.Abr.22,4.19370907431484
21.Abr.22,4.20026994103466
22.Abr.22,4.24852248706639
25.Abr.22,4.24852248706639
26.Abr.22,4.24852248706639
27.Abr.22,4.24852248706639
28.Abr.22,4.24852248706639
29.Abr.22,4.24852248706639
02.May.22,4.24852248706639
03.May.22,4.24852248706639
04.May.22,4.24852248706639
05.May.22,4.24852248706639
06.May.22,4.24852248706639
09.May.22,4.24852248706639
10.May.22,4.24852248706639
11.May.22,4.24852248706639
12.May.22,4.24852248706639
13.May.22,4.30518095514872
16.May.22,4.36741555381032
17.May.22,4.44350142210952
18.May.22,4.53787619521978
19.May.22,4.54854159569582
20.May.22,4.58048922743433
23.May.22,4.58048922743433
24.May.22,4.58453351066119
25.May.22,4.58453351066119
26.May.22,4.58453351066119
27.May.22,4.58453351066119
30.May.22,4.58453351066119
31.May.22,4.58453351066119
01.Jun.22,4.58453351066119
02.Jun.22,4.58453351066119
03.Jun.22,4.58453351066119
06.Jun.22,4.58453351066119
07.Jun.22,4.58453351066119
08.Jun.22,4.58453351066119
09.Jun.22,4.58453351066119
10.Jun.22,4.58453351066119
13.Jun.22,4.58453351066119
14.Jun.22,4.58453351066119
15.Jun.22,4.47258749926307
16.Jun.22,4.47258749926307
17.Jun.22,4.47258749926307
20.Jun.22,4.31144118958577
21.Jun.22,4.31144118958577
22.Jun.22,3.7186961732283
23.Jun.22,3.7186961732283
24.Jun.22,2.21001558214766
27.Jun.22,2.21001558214766
28.Jun.22,2.21001558214766
29.Jun.22,n.d.
30.Jun.22,2.21001558214766
01.Jul.22,2.21001558214766
04.Jul.22,5.09399880976584
05.Jul.22,5.09399880976584
06.Jul.22,5.09399880976584
07.Jul.22,5.09399880976584
08.Jul.22,5.14777470657019
11.Jul.22,5.18010459083023
12.Jul.22,5.21736702101742
13.Jul.22,5.25032007555177
14.Jul.22,5.26959015388561
15.Jul.22,5.28827459257524
18.Jul.22,5.3093060525614
19.Jul.22,5.32772506729633
20.Jul.22,5.33536553953493
21.Jul.22,5.33536553953493
22.Jul.22,5.33536553953493
25.Jul.22,5.33536553953493
26.Jul.22,5.33536553953493
27.Jul.22,5.35745434730812
28.Jul.22,n.d.
29.Jul.22,n.d.
01.Ago.22,5.35745434730812
02.Ago.22,5.35745434730812
03.Ago.22,5.35745434730812
04.Ago.22,5.35745434730812
05.Ago.22,5.35745434730812
08.Ago.22,5.35745434730812
09.Ago.22,5.35745434730812
10.Ago.22,5.35745434730812
11.Ago.22,5.17116718529438
12.Ago.22,5.61427196830561
15.Ago.22,5.67855448748752
16.Ago.22,5.73594013867834
17.Ago.22,5.76340950898737
18.Ago.22,5.77372237617432
19.Ago.22,5.79215016172927
22.Ago.22,5.88158446447512
23.Ago.22,5.93355821737882
24.Ago.22,5.9660725298839
25.Ago.22,6.014141897749
26.Ago.22,6.05629220829883
29.Ago.22,6.08259123543398
30.Ago.22,n.d.
31.Ago.22,6.10637810326754
01.Set.22,6.10637810326754
02.Set.22,6.10637810326754
05.Set.22,6.10637810326754
06.Set.22,6.10637810326754
07.Set.22,6.10637810326754
08.Set.22,6.10637810326754
09.Set.22,6.16319754597735
12.Set.22,6.26337733873033
13.Set.22,6.31287493455808
14.Set.22,6.33280771357444
15.Set.22,6.41369359315557
16.Set.22,6.41369359315557
19.Set.22,6.42873167876042
20.Set.22,6.48941129041091
21.Set.22,6.49717892811179
22.Set.22,6.49717892811179
23.Set.22,6.49717892811179
26.Set.22,6.49717892811179
27.Set.22,6.51142315339803
28.Set.22,6.52854399372321
29.Set.22,6.54109607477077
30.Set.22,6.54109607477077
03.Oct.22,6.54109607477077
04.Oct.22,6.54109607477077
05.Oct.22,6.54109607477077
06.Oct.22,6.54109607477077
07.Oct.22,6.54109607477077
10.Oct.22,6.54109607477077
11.Oct.22,6.54109607477077
12.Oct.22,6.56451192082323
13.Oct.22,6.58131757997737
14.Oct.22,6.59057280556178
17.Oct.22,6.60289742082157
18.Oct.22,6.61637786968773
19.Oct.22,6.61637786968773
20.Oct.22,6.61637786968773
21.Oct.22,6.61637786968773
24.Oct.22,6.61637786968773
25.Oct.22,6.61637786968773
26.Oct.22,6.61637786968773
27.Oct.22,6.61637786968773
28.Oct.22,6.61637786968773
31.Oct.22,6.61637786968773
01.Nov.22,n.d.
02.Nov.22,6.61637786968773
03.Nov.22,6.61637786968773
04.Nov.22,6.61637786968773
07.Nov.22,6.61637786968773
08.Nov.22,6.61637786968773
09.Nov.22,6.61637786968773
10.Nov.22,6.61637786968773
11.Nov.22,6.61637786968773
14.Nov.22,6.59381203849276
15.Nov.22,6.59381203849276
16.Nov.22,6.59381203849276
17.Nov.22,6.62361936045088
18.Nov.22,6.6250136994618
21.Nov.22,6.6250136994618
22.Nov.22,6.6250136994618
23.Nov.22,6.6250136994618
24.Nov.22,6.63574145118854
25.Nov.22,6.64882063618686
28.Nov.22,6.64882063618686
29.Nov.22,6.65515939489514
30.Nov.22,6.65515939489514
01.Dic.22,6.65515939489514
02.Dic.22,6.65515939489514
05.Dic.22,6.65515939489514
06.Dic.22,6.65515939489514
07.Dic.22,6.65515939489514
08.Dic.22,n.d.
09.Dic.22,n.d.
12.Dic.22,6.65515939489514
13.Dic.22,6.65515939489514
14.Dic.22,6.65515939489514
15.Dic.22,6.65515939489514
16.Dic.22,6.65515939489514
19.Dic.22,6.65515939489514
20.Dic.22,6.65515939489514
21.Dic.22,6.65515939489514
22.Dic.22,6.65515939489514
23.Dic.22,6.65515939489514
26.Dic.22,6.65515939489514
27.Dic.22,6.65173919863906
28.Dic.22,6.65173919863906
29.Dic.22,6.66330792885632
30.Dic.22,6.67466552056253
02.Ene.23,n.d.
03.Ene.23,6.81097755413351
04.Ene.23,6.81097755413351
05.Ene.23,6.81097755413351
06.Ene.23,6.81097755413351
09.Ene.23,6.83900293626307
10.Ene.23,6.85761508804387
11.Ene.23,6.85761508804387
12.Ene.23,6.85761508804387
13.Ene.23,6.85761508804387
16.Ene.23,6.85761508804387
17.Ene.23,6.85761508804387
18.Ene.23,6.85761508804387
19.Ene.23,6.85761508804387
20.Ene.23,6.85761508804387
23.Ene.23,6.85761508804387
24.Ene.23,6.85761508804387
25.Ene.23,6.85761508804387
26.Ene.23,6.85761508804387
27.Ene.23,6.85761508804387
30.Ene.23,6.85761508804387
31.Ene.23,6.86162699231526
01.Feb.23,6.86162699231526
02.Feb.23,6.86162699231526
03.Feb.23,6.86162699231526
06.Feb.23,6.86162699231526
07.Feb.23,6.86162699231526
08.Feb.23,6.86162699231526
09.Feb.23,6.86162699231526
10.Feb.23,6.86162699231526
13.Feb.23,6.88026233498228
14.Feb.23,6.89352188930425
15.Feb.23,6.89726831881649
16.Feb.23,6.92253812456707
17.Feb.23,6.92817194636546
20.Feb.23,6.98160019525646
21.Feb.23,6.99005229704246
22.Feb.23,6.99005229704246
23.Feb.23,6.99005229704246
24.Feb.23,6.99831562207047
27.Feb.23,7.01482190304306
28.Feb.23,7.02328468118365
01.Mar.23,7.02328468118365
02.Mar.23,7.07824115405599
03.Mar.23,7.07824115405599
06.Mar.23,7.07824115405599
07.Mar.23,7.09190367110845
08.Mar.23,7.11169868876413
09.Mar.23,7.14081993252619
10.Mar.23,7.17069705861266
13.Mar.23,7.25835451805369
14.Mar.23,7.35199736157127
15.Mar.23,7.37122519497596
16.Mar.23,7.37620373499641
17.Mar.23,7.39865318465614
20.Mar.23,7.41086459470094
21.Mar.23,7.41758146208653
22.Mar.23,7.47711846040179
23.Mar.23,7.47986393374405
24.Mar.23,7.48306699743259
27.Mar.23,7.5312832595226
28.Mar.23,7.5351334329971
29.Mar.23,7.53798626808471
30.Mar.23,7.54235145195136
31.Mar.23,7.5457982314306
03.Abr.23,7.5457982314306
04.Abr.23,7.5635581536173
05.Abr.23,7.5635581536173
06.Abr.23,n.d.
07.Abr.23,n.d.
10.Abr.23,7.55144877361399
11.Abr.23,7.55144877361399
12.Abr.23,7.55004156051406
13.Abr.23,7.55888678459267
14.Abr.23,7.56256619453362
17.Abr.23,7.56563029057892
18.Abr.23,7.56737428639543
19.Abr.23,7.56892171730837
20.Abr.23,7.56892171730837
21.Abr.23,7.56892171730837
24.Abr.23,7.56892171730837
25.Abr.23,7.56892171730837
26.Abr.23,7.56892171730837
27.Abr.23,7.56892171730837
28.Abr.23,7.56892171730837
01.May.23,n.d.
02.May.23,7.56892171730837
03.May.23,7.5684648181291
04.May.23,7.5684648181291
05.May.23,7.5684648181291
08.May.23,7.5684648181291
09.May.23,7.5684648181291
10.May.23,7.5684648181291
11.May.23,7.5684648181291
12.May.23,7.56824795978003
15.May.23,7.56936288927994
16.May.23,7.56293132879306
17.May.23,7.56716317791652
18.May.23,7.57202618104241
19.May.23,7.57202618104241
22.May.23,7.57202618104241
23.May.23,7.57202618104241
24.May.23,7.57202618104241
25.May.23,7.57671145502423
26.May.23,7.57286961143313
29.May.23,7.57286961143313
30.May.23,7.57286961143313
31.May.23,7.57286961143313
01.Jun.23,7.57286961143313
02.Jun.23,7.57478824402386
05.Jun.23,7.57478824402386
06.Jun.23,7.57478824402386
07.Jun.23,7.57478824402386
08.Jun.23,7.57478824402386
09.Jun.23,7.57478824402386
12.Jun.23,7.57478824402386
13.Jun.23,7.56764375459617
14.Jun.23,7.56242944847135
15.Jun.23,7.55606712193997
16.Jun.23,7.5497744674555
19.Jun.23,7.54383812621999
20.Jun.23,7.54132834806285
21.Jun.23,7.53880275642297
22.Jun.23,7.53880275642297
23.Jun.23,7.53880275642297
26.Jun.23,7.53880275642297
27.Jun.23,7.53928983741643
28.Jun.23,7.54160214806975
29.Jun.23,n.d.
30.Jun.23,7.53981234218525
03.Jul.23,7.53981234218525
04.Jul.23,7.53981234218525
05.Jul.23,7.53981234218525
06.Jul.23,7.53981234218525
07.Jul.23,7.53981234218525
10.Jul.23,7.54295936617008
11.Jul.23,7.54295936617008
12.Jul.23,7.54295936617008
13.Jul.23,7.53632313813288
14.Jul.23,7.52997100609347
17.Jul.23,7.5229507920835
18.Jul.23,7.51887391418734
19.Jul.23,7.51887391418734
20.Jul.23,7.51887391418734
21.Jul.23,7.51682138979782
24.Jul.23,7.51391923853639
25.Jul.23,7.51391923853639
26.Jul.23,7.51391923853639
27.Jul.23,7.51391923853639
28.Jul.23,n.d.
31.Jul.23,7.51391923853639
01.Ago.23,7.51391923853639
02.Ago.23,7.51391923853639
03.Ago.23,7.51391923853639
04.Ago.23,7.51391923853639
07.Ago.23,7.51391923853639
08.Ago.23,7.51391923853639
09.Ago.23,7.51391923853639
10.Ago.23,7.51391923853639
11.Ago.23,7.51391923853639
14.Ago.23,7.50686204345366
15.Ago.23,7.50441626649042
16.Ago.23,7.50154175088598
17.Ago.23,7.49478007451073
18.Ago.23,7.5
21.Ago.23,7.48190658489594
22.Ago.23,7.4806256348247
23.Ago.23,7.4806256348247
24.Ago.23,7.47699880402135
25.Ago.23,7.47514139657281
28.Ago.23,7.47312591460032
29.Ago.23,7.46877692395523
30.Ago.23,n.d.
31.Ago.23,7.46432778753063
01.Set.23,7.46314550531759
04.Set.23,7.46314550531759
05.Set.23,7.46314550531759
06.Set.23,7.46314550531759
07.Set.23,7.46314550531759
08.Set.23,7.45921776641727
11.Set.23,7.45921776641727
12.Set.23,7.45287150995258
13.Set.23,7.42336693491947
14.Set.23,7.4027489608761
15.Set.23,7.3693192884117
18.Set.23,7.35288425482362
19.Set.23,7.31601236911953
20.Set.23,7.30757199931533
21.Set.23,7.28665970209372
22.Set.23,7.27561552663241
25.Set.23,7.24773716802548
26.Set.23,7.23906973948884
27.Set.23,7.23607485597201
28.Set.23,7.23316075369047
29.Set.23,7.23136944887677
02.Oct.23,7.23136944887677
03.Oct.23,7.20622616950503
04.Oct.23,7.20622616950503
05.Oct.23,7.20622616950503
06.Oct.23,7.20622616950503
09.Oct.23,7.20622616950503
10.Oct.23,7.20622616950503
11.Oct.23,7.20622616950503
12.Oct.23,7.20622616950503
13.Oct.23,7.20622616950503
16.Oct.23,7.19370561323552
17.Oct.23,7.16775206757933
18.Oct.23,7.15815389528545
19.Oct.23,7.13403557726922
20.Oct.23,7.12373014139262
23.Oct.23,7.11248413597672
24.Oct.23,7.10584282215436
25.Oct.23,7.10383401647578
26.Oct.23,7.1018622571144
27.Oct.23,7.0989718687289
30.Oct.23,7.09319827136905
31.Oct.23,7.09319827136905
01.Nov.23,n.d.
02.Nov.23,7.09319827136905
03.Nov.23,7.09319827136905
06.Nov.23,7.09319827136905
07.Nov.23,7.09319827136905
08.Nov.23,7.09319827136905
09.Nov.23,7.09319827136905
10.Nov.23,7.09319827136905
13.Nov.23,7.06653293855284
14.Nov.23,7.06653293855284
15.Nov.23,7.06130605463372
16.Nov.23,7.02392622078655
17.Nov.23,6.98647485267035
20.Nov.23,6.97480543095018
21.Nov.23,6.96321422426563
22.Nov.23,6.9530303938114
23.Nov.23,6.94822002793098
24.Nov.23,6.94822002793098
27.Nov.23,6.93426654730507
28.Nov.23,6.92719442156611
29.Nov.23,6.91790623168075
30.Nov.23,6.91790623168075
01.Dic.23,6.91790623168075
04.Dic.23,6.91790623168075
05.Dic.23,6.91790623168075
06.Dic.23,6.91790623168075
07.Dic.23,6.91790623168075
08.Dic.23,n.d.
11.Dic.23,6.91790623168075
12.Dic.23,6.91790623168075
13.Dic.23,6.89557558130427
14.Dic.23,6.87210751760038
15.Dic.23,6.82566363428519
18.Dic.23,6.80205910942022
19.Dic.23,6.74424204094274
20.Dic.23,6.7290792337382
21.Dic.23,6.7098618893335
22.Dic.23,6.69845573053555
25.Dic.23,n.d.
26.Dic.23,6.68948300767135
27.Dic.23,6.68501426371864
28.Dic.23,6.67774632628651
29.Dic.23,6.67774632628651
01.Ene.24,n.d.
02.Ene.24,n.d.
03.Ene.24,6.67435096038779
04.Ene.24,6.67435096038779
05.Ene.24,6.67435096038779
08.Ene.24,6.67435096038779
09.Ene.24,6.67435096038779
10.Ene.24,6.65539101733372
11.Ene.24,6.6413511714661
12.Ene.24,6.63296453076825
15.Ene.24,6.56308084943953
16.Ene.24,6.53387047746335
17.Ene.24,6.50620494129855
18.Ene.24,6.50620494129855
19.Ene.24,6.50620494129855
22.Ene.24,6.49137285567307
23.Ene.24,6.48679806901402
24.Ene.24,6.48679806901402
25.Ene.24,6.468337716355
26.Ene.24,6.468337716355
29.Ene.24,6.468337716355
30.Ene.24,6.468337716355
31.Ene.24,6.468337716355
01.Feb.24,6.468337716355
02.Feb.24,6.468337716355
05.Feb.24,6.468337716355
06.Feb.24,6.468337716355
07.Feb.24,6.468337716355
08.Feb.24,6.468337716355
09.Feb.24,6.46028472042919
12.Feb.24,6.4530072167082
13.Feb.24,6.44592446725381
14.Feb.24,6.40055250724958
15.Feb.24,6.38388970477843
16.Feb.24,6.36605615468405
19.Feb.24,6.31170856550732
20.Feb.24,6.30252604866708
21.Feb.24,6.30252604866708
22.Feb.24,6.28014587050719
23.Feb.24,6.28014587050719
26.Feb.24,6.28014587050719
27.Feb.24,6.28014587050719
28.Feb.24,6.26056961981787
29.Feb.24,6.26056961981787
01.Mar.24,6.26056961981787
04.Mar.24,6.26056961981787
05.Mar.24,6.26056961981787
06.Mar.24,6.26056961981787
07.Mar.24,6.26056961981787
08.Mar.24,6.26056961981787
11.Mar.24,6.2570357360109
12.Mar.24,6.2089222988314
13.Mar.24,6.19646327197271
14.Mar.24,6.14733022517721
15.Mar.24,6.14242702912077
18.Mar.24,6.09892468198009
19.Mar.24,6.08622273670415
20.Mar.24,6.05183197390369
21.Mar.24,6.02265723054748
22.Mar.24,6.02265723054748
25.Mar.24,6.02265723054748
26.Mar.24,5.98378833056262
27.Mar.24,5.97343490397504
28.Mar.24,n.d.
29.Mar.24,n.d.
01.Abr.24,5.97343490397504
02.Abr.24,5.97343490397504
03.Abr.24,5.97343490397504
04.Abr.24,5.97343490397504
05.Abr.24,5.97343490397504
08.Abr.24,5.97343490397504
09.Abr.24,5.97343490397504
10.Abr.24,5.97343490397504
11.Abr.24,5.97343490397504
12.Abr.24,5.97343490397504
15.Abr.24,5.97128824002193
16.Abr.24,5.96706951137102
17.Abr.24,5.96301436103651
18.Abr.24,5.911426983896
19.Abr.24,5.90525250279018
22.Abr.24,5.85771616199389
23.Abr.24,5.84914204043842
24.Abr.24,5.82890845
25.Abr.24,5.82890844990316
26.Abr.24,5.82890844990316
29.Abr.24,5.82890844990316
30.Abr.24,5.82890844990316
01.May.24,n.d.
02.May.24,5.82890844990316
03.May.24,5.81717152447411
06.May.24,5.81717152447411
07.May.24,5.81717152447411
08.May.24,5.81717152447411
09.May.24,5.81717152447411
10.May.24,5.80606555730233
13.May.24,5.79495277880337
14.May.24,5.78416368532715
15.May.24,5.7361529084028
16.May.24,5.73015710531373
17.May.24,5.7267873360922
20.May.24,5.72071450276167
21.May.24,5.68239760692593
22.May.24,5.67986082580231
23.May.24,5.65528470562566
24.May.24,5.65528470562566
27.May.24,5.65528470562566
28.May.24,5.62668527320139
29.May.24,5.62543620046461
30.May.24,5.62543620046461
31.May.24,5.62543620046461
03.Jun.24,5.62543620046461
04.Jun.24,5.62543620046461
05.Jun.24,5.62543620046461
06.Jun.24,5.62543620046461
07.Jun.24,n.d.
10.Jun.24,5.62543620046461
11.Jun.24,5.62543620046461
12.Jun.24,5.62543620046461
13.Jun.24,5.62543620046461
14.Jun.24,5.60316758556453
17.Jun.24,5.59618315631078
18.Jun.24,5.59136026328306
19.Jun.24,5.56609466384401
20.Jun.24,5.56282930101669
21.Jun.24,5.55990355599557
24.Jun.24,5.54662148092314
25.Jun.24,5.54510605752625
26.Jun.24,5.54510605752625
27.Jun.24,5.54510605752625
28.Jun.24,5.54510605752625
01.Jul.24,5.54510605752625
02.Jul.24,5.54510605752625
03.Jul.24,5.54420702082011
04.Jul.24,5.54308806563436
05.Jul.24,5.54056240164225
08.Jul.24,5.53472169502962
09.Jul.24,5.53113595041859
10.Jul.24,5.51937252399949
11.Jul.24,5.51624588811576
12.Jul.24,5.51370912131968
15.Jul.24,5.51135522215429
16.Jul.24,5.50166469330151
17.Jul.24,5.50002116864739
18.Jul.24,5.49916390482654
19.Jul.24,5.49776426338141
22.Jul.24,5.49635671571972
23.Jul.24,n.d.
24.Jul.24,5.49374190977952
25.Jul.24,5.49374190977952
26.Jul.24,n.d.
29.Jul.24,n.d.
30.Jul.24,5.49374190977952
31.Jul.24,5.49374190977952
01.Ago.24,5.49374190977952
02.Ago.24,5.49374190977952
05.Ago.24,5.49374190977952
06.Ago.24,n.d.
07.Ago.24,5.49241115269706
08.Ago.24,5.48935272857555
09.Ago.24,5.48308832306713
12.Ago.24,5.47683378999561
13.Ago.24,5.46468168660272
14.Ago.24,5.44938849791519
15.Ago.24,5.44168250565537
16.Ago.24,5.43777359196711
19.Ago.24,5.42953354813607
20.Ago.24,5.41812995246392
21.Ago.24,5.4103905295359
22.Ago.24,5.40252143883147
23.Ago.24,5.38733503758306
26.Ago.24,5.38235416294481
27.Ago.24,5.38235416294481
28.Ago.24,5.36995860520239
29.Ago.24,5.36995860520239
30.Ago.24,n.d.
02.Set.24,5.36995860520239
03.Set.24,5.36591741332996
04.Set.24,5.36181200183334
05.Set.24,5.35579998178129
06.Set.24,5.35425753874564
09.Set.24,5.3499058683671
10.Set.24,5.34414226207429
11.Set.24,5.32257770312649
12.Set.24,5.31628427167977
13.Set.24,5.27338743832391
16.Set.24,5.24775384901032
17.Set.24,5.24051189001079
18.Set.24,5.19645744198844
19.Set.24,5.1742893958407
20.Set.24,5.16109983994006
23.Set.24,5.15684870896306
24.Set.24,5.14549100731175
25.Set.24,5.13995794948404
26.Set.24,5.12745799932763
27.Set.24,5.12745799932763
30.Set.24,5.12745799932763
01.Oct.24,5.12659042429446
02.Oct.24,5.12554526574993
03.Oct.24,5.12554526574993
04.Oct.24,5.12283024516046
07.Oct.24,5.12283024516046
08.Oct.24,n.d.
09.Oct.24,5.11801941156732
10.Oct.24,5.11179604710648
11.Oct.24,5.09224743735886
14.Oct.24,5.08725823140137
15.Oct.24,5.06511279407013
16.Oct.24,5.05637858092467
17.Oct.24,5.03904601953294
18.Oct.24,5.03502211028691
21.Oct.24,5.01558285753098
22.Oct.24,5.01351778764287
23.Oct.24,5.01283431248498
24.Oct.24,4.99691237234877
25.Oct.24,4.99691237234877
28.Oct.24,4.99518372443143
29.Oct.24,4.99100004132894
30.Oct.24,4.98639798830408
31.Oct.24,4.98639798830408
01.Nov.24,n.d.
04.Nov.24,4.98545138204067
05.Nov.24,4.9834997618824
06.Nov.24,4.98307847185436
07.Nov.24,4.98242710102746
08.Nov.24,4.97317799498903
11.Nov.24,4.94845105765538
12.Nov.24,4.94233261378251
13.Nov.24,4.93818196508554
14.Nov.24,4.91739737936128
15.Nov.24,4.89688963593283
18.Nov.24,4.89106273866063
19.Nov.24,4.87050073219115
20.Nov.24,4.86601421283204
21.Nov.24,4.8636745740926
22.Nov.24,4.85689747316213
25.Nov.24,4.85689747316213
26.Nov.24,4.8558634654121
27.Nov.24,4.85514480784265
28.Nov.24,4.85514480784265
29.Nov.24,4.85022836081099
02.Dic.24,4.85022836081099
03.Dic.24,4.84960352859456
04.Dic.24,4.84912380099711
05.Dic.24,4.84912380099711
06.Dic.24,4.84912380099711
09.Dic.24,n.d.
10.Dic.24,4.84606006314723
11.Dic.24,4.84532625528947
12.Dic.24,4.84532625528947
13.Dic.24,4.84532625528947
16.Dic.24,4.81271534148787
17.Dic.24,4.80516235756411
18.Dic.24,4.77900394059392
19.Dic.24,4.777594555489
20.Dic.24,4.77554285394117
23.Dic.24,4.76921288908405
24.Dic.24,4.76724621485461
25.Dic.24,n.d.
26.Dic.24,4.76555188686579
27.Dic.24,4.75984609671527
30.Dic.24,4.75984609671527
31.Dic.24,n.d.
01.Ene.25,n.d.
02.Ene.25,4.75984609671527
03.Ene.25,4.7553972792312
06.Ene.25,4.7553972792312
07.Ene.25,4.75376167584762
08.Ene.25,4.7517889613147
09.Ene.25,4.75045276374215
10.Ene.25,4.74855713171527
13.Ene.25,4.74609680376855
14.Ene.25,4.7387408613587
15.Ene.25,4.71690636566249
16.Ene.25,4.71670921364036
17.Ene.25,4.71670921364036
20.Ene.25,4.71246154025269
21.Ene.25,4.711292510873
22.Ene.25,4.71003758785183
23.Ene.25,4.70890742689808
24.Ene.25,4.70890742689808
27.Ene.25,4.70890742689808
28.Ene.25,4.702008962526
29.Ene.25,4.70142388311132
30.Ene.25,4.70086869199553
31.Ene.25,4.70086869199553
03.Feb.25,4.70086869199553
04.Feb.25,4.70021636874608
05.Feb.25,4.69865659561105
06.Feb.25,4.69750811882134
07.Feb.25,4.69603184118791
10.Feb.25,4.68894753468668
11.Feb.25,4.68573250188597
12.Feb.25,4.68147369005777
13.Feb.25,4.67224202910595
14.Feb.25,4.65669241020341
17.Feb.25,4.6482630770095
18.Feb.25,4.64596725945807
19.Feb.25,4.64468356794437
20.Feb.25,4.63651639762347
21.Feb.25,4.63116949985464
24.Feb.25,4.63016953478191
25.Feb.25,4.62975068429374
26.Feb.25,4.62853573565603
27.Feb.25,4.62853573565603
28.Feb.25,4.62853573565603
03.Mar.25,4.62853573565603
04.Mar.25,4.62800213327435
05.Mar.25,4.62704605285387
06.Mar.25,4.62704605285387
07.Mar.25,4.62704605285387
10.Mar.25,4.62704605285387
11.Mar.25,4.62668125018425
12.Mar.25,4.62648891622534
13.Mar.25,4.62648891622534
14.Mar.25,4.61910252029694
17.Mar.25,4.61817710100075
18.Mar.25,4.615992496808
19.Mar.25,4.60819912569434
20.Mar.25,4.60697512549098
21.Mar.25,4.60620053074775
24.Mar.25,4.60552017953031
25.Mar.25,4.60526896833877
26.Mar.25,4.60121195267554
27.Mar.25,4.60121195267554
28.Mar.25,4.60121195267554
31.Mar.25,4.60121195267554
01.Abr.25,4.60057960008676
02.Abr.25,4.60032733461928
03.Abr.25,4.60032733461928
04.Abr.25,4.59457552071847
07.Abr.25,4.59206240305725
08.Abr.25,4.58764136366764
09.Abr.25,4.5806352734073
10.Abr.25,4.57789317595592
11.Abr.25,4.57789317595592
14.Abr.25,4.57359988093198
15.Abr.25,4.57317757122468
16.Abr.25,4.57309324151982
17.Abr.25,n.d.
18.Abr.25,n.d.
21.Abr.25,4.57190410930475
22.Abr.25,4.57182337436261
23.Abr.25,4.56365570468723
24.Abr.25,4.56245081705804
25.Abr.25,4.56245081705804
28.Abr.25,4.56245081705804
29.Abr.25,4.56229278893384
30.Abr.25,4.5591717206402
01.May.25,n.d.
02.May.25,4.5591717206402
05.May.25,4.5591717206402
06.May.25,4.55903160519885
07.May.25,4.5589045950781
08.May.25,4.54949865310415
09.May.25,4.54489796449642
12.May.25,4.54057293178681
13.May.25,4.53318274123575
14.May.25,4.52570668646989
15.May.25,4.52052859060754
16.May.25,4.51340435144026
19.May.25,4.50419571625596
20.May.25,4.49597036818947
21.May.25,4.47798659484926
22.May.25,4.4732771224026
23.May.25,4.4732771224026
26.May.25,4.47045245105469
27.May.25,4.46742855425607
28.May.25,4.46553680324557
29.May.25,4.46553680324557
30.May.25,4.46553680324557
02.Jun.25,4.46553680324557
03.Jun.25,4.45242578649149
04.Jun.25,4.45219436346536
05.Jun.25,4.45219436346536
06.Jun.25,4.45219436346536
09.Jun.25,4.44864945034813
10.Jun.25,4.44314770440329
11.Jun.25,4.44281355878811
12.Jun.25,4.44086958739
13.Jun.25,4.44086958739
16.Jun.25,4.44086958739
17.Jun.25,4.42370504317415
18.Jun.25,4.4197511857243
19.Jun.25,4.40344160765124
20.Jun.25,4.39941641791614
23.Jun.25,4.39058805386776
24.Jun.25,4.38710753342956
25.Jun.25,4.37668550583771
26.Jun.25,4.37456444977741
27.Jun.25,4.37456444977741
30.Jun.25,4.37456444977741
01.Jul.25,4.37422031168958
02.Jul.25,4.3738636023547
03.Jul.25,4.3738636023547
04.Jul.25,4.3738636023547
07.Jul.25,4.36151229689192
08.Jul.25,4.35716826100259
09.Jul.25,4.35067718295903
10.Jul.25,4.33546135168735
11.Jul.25,4.33143298048043
14.Jul.25,4.32623983399226
15.Jul.25,4.30819403440337
16.Jul.25,4.30588889891941
17.Jul.25,4.29950564223857
18.Jul.25,4.29950564223857
21.Jul.25,4.28109211952729
22.Jul.25,4.27666055468599
23.Jul.25,n.d.
24.Jul.25,4.27431048095021
25.Jul.25,4.26973955664035
28.Jul.25,n.d.
29.Jul.25,n.d.
30.Jul.25,4.26964856154778
31.Jul.25,4.26964856154778
01.Ago.25,4.26964856154778
04.Ago.25,4.26964856154778
05.Ago.25,4.26910464376384
06.Ago.25,n.d.
07.Ago.25,4.26699335972289
08.Ago.25,4.24262782110858
11.Ago.25,4.2412568755235
12.Ago.25,4.23268886427552
13.Ago.25,4.2295438515008
14.Ago.25,4.2202917112233
15.Ago.25,4.2182547326011
18.Ago.25,4.21411848754447
19.Ago.25,4.20644671597401
20.Ago.25,4.20425304149784
21.Ago.25,4.20274436796383
22.Ago.25,4.18611267147724
25.Ago.25,4.18129528503107
26.Ago.25,4.17876054343285
27.Ago.25,4.17670107220492
28.Ago.25,4.17265152590416
29.Ago.25,4.17265152590416
01.Set.25,4.17265152590416
02.Set.25,4.17221135466214
03.Set.25,4.17193623866149
04.Set.25,4.17193623866149
05.Set.25,4.15141563672948
08.Set.25,4.15141563672948
09.Set.25,4.14072897119175
10.Set.25,4.1357874590264
11.Set.25,4.12971287359721
12.Set.25,4.12971287359721
15.Set.25,4.12971287359721
16.Set.25,4.10917474767716
17.Set.25,4.10876257785282
18.Set.25,4.10725973272049
19.Set.25,4.10725973272049
22.Set.25,4.10041135264364
23.Set.25,4.09764579292041
24.Set.25,4.08230347346205
25.Set.25,4.07949942162229
26.Set.25,4.07806960983265
29.Set.25,4.07674736794804
30.Set.25,4.071658417588
01.Oct.25,4.07123335452661
02.Oct.25,4.07123335452661
03.Oct.25,4.07123335452661
06.Oct.25,4.07123335452661
07.Oct.25,4.07085214768944
08.Oct.25,n.d.
09.Oct.25,4.06436689250488
10.Oct.25,4.059463796625
13.Oct.25,4.05311878446138
14.Oct.25,4.04929011850067
15.Oct.25,4.04377093046468
16.Oct.25,4.04147995401499
17.Oct.25,4.04147995401499
20.Oct.25,4.03912226526231
21.Oct.25,4.0364026942856
22.Oct.25,4.03255281485378
23.Oct.25,4.03255281485378
24.Oct.25,4.03255281485378
27.Oct.25,4.03255281485378
28.Oct.25,4.03249721047991
29.Oct.25,4.03181208869303
30.Oct.25,4.03181208869303
31.Oct.25,4.03181208869303
03.Nov.25,4.03181208869303
04.Nov.25,4.0203721104597
05.Nov.25,4.02032119220563
06.Nov.25,4.02032119220563
07.Nov.25,4.02032119220563
10.Nov.25,4.02032119220563
11.Nov.25,4.01801102877501
12.Nov.25,4.01633950055069
13.Nov.25,4.01613802981138
14.Nov.25,4.01613802981138
17.Nov.25,4.01559832962929
18.Nov.25,4.01584558600067
19.Nov.25,4.00427185411554
20.Nov.25,4.00427185411554
21.Nov.25,4.00464806263783
24.Nov.25,4.00501843229886
25.Nov.25,4.00535579413459
26.Nov.25,4.00535357386805
27.Nov.25,4.00535357386805
28.Nov.25,4.00535357386805
01.Dic.25,4.00535357386805
02.Dic.25,3.99637106010471
03.Dic.25,3.9963656181496
04.Dic.25,3.9963656181496
05.Dic.25,3.9963656181496
08.Dic.25,n.d.
09.Dic.25,n.d.
10.Dic.25,3.99727716860051
11.Dic.25,3.99729982619747
12.Dic.25,3.99733311427867
15.Dic.25,3.99727128172074
16.Dic.25,4.00173441971543
17.Dic.25,4.00137149601538
18.Dic.25,4.00125712064201
19.Dic.25,4.00168889913455
22.Dic.25,4.00168889913455
23.Dic.25,3.99874026671678
24.Dic.25,3.99874026671678
25.Dic.25,n.d.
26.Dic.25,n.d.
29.Dic.25,3.99863492253002
30.Dic.25,4.00128975568217
31.Dic.25,4.00166391397694
