fecha_bcrp,tasa_referencia_exo
01.Ene.15,3.5
02.Ene.15,3.5
05.Ene.15,3.5
06.Ene.15,3.5
07.Ene.15,3.5
08.Ene.15,3.5
09.Ene.15,3.5
12.Ene.15,3.5
13.Ene.15,3.5
14.Ene.15,3.5
15.Ene.15,3.5
16.Ene.15,3.25
19.Ene.15,3.25
20.Ene.15,3.25
21.Ene.15,3.25
22.Ene.15,3.25
23.Ene.15,3.25
26.Ene.15,3.25
27.Ene.15,3.25
28.Ene.15,3.25
29.Ene.15,3.25
30.Ene.15,3.25
02.Feb.15,3.25
03.Feb.15,3.25
04.Feb.15,3.25
05.Feb.15,3.25
06.Feb.15,3.25
09.Feb.15,3.25
10.Feb.15,3.25
11.Feb.15,3.25
12.Feb.15,3.25
13.Feb.15,3.25
16.Feb.15,3.25
17.Feb.15,3.25
18.Feb.15,3.25
19.Feb.15,3.25
20.Feb.15,3.25
23.Feb.15,3.25
24.Feb.15,3.25
25.Feb.15,3.25
26.Feb.15,3.25
27.Feb.15,3.25
02.Mar.15,3.25
03.Mar.15,3.25
04.Mar.15,3.25
05.Mar.15,3.25
06.Mar.15,3.25
09.Mar.15,3.25
10.Mar.15,3.25
11.Mar.15,3.25
12.Mar.15,3.25
13.Mar.15,3.25
16.Mar.15,3.25
17.Mar.15,3.25
18.Mar.15,3.25
19.Mar.15,3.25
20.Mar.15,3.25
23.Mar.15,3.25
24.Mar.15,3.25
25.Mar.15,3.25
26.Mar.15,3.25
27.Mar.15,3.25
30.Mar.15,3.25
31.Mar.15,3.25
01.Abr.15,3.25
02.Abr.15,3.25
03.Abr.15,3.25
06.Abr.15,3.25
07.Abr.15,3.25
08.Abr.15,3.25
09.Abr.15,3.25
10.Abr.15,3.25
13.Abr.15,3.25
14.Abr.15,3.25
15.Abr.15,3.25
16.Abr.15,3.25
17.Abr.15,3.25
20.Abr.15,3.25
21.Abr.15,3.25
22.Abr.15,3.25
23.Abr.15,3.25
24.Abr.15,3.25
27.Abr.15,3.25
28.Abr.15,3.25
29.Abr.15,3.25
30.Abr.15,3.25
01.May.15,3.25
04.May.15,3.25
05.May.15,3.25
06.May.15,3.25
07.May.15,3.25
08.May.15,3.25
11.May.15,3.25
12.May.15,3.25
13.May.15,3.25
14.May.15,3.25
15.May.15,3.25
18.May.15,3.25
19.May.15,3.25
20.May.15,3.25
21.May.15,3.25
22.May.15,3.25
25.May.15,3.25
26.May.15,3.25
27.May.15,3.25
28.May.15,3.25
29.May.15,3.25
01.Jun.15,3.25
02.Jun.15,3.25
03.Jun.15,3.25
04.Jun.15,3.25
05.Jun.15,3.25
08.Jun.15,3.25
09.Jun.15,3.25
10.Jun.15,3.25
11.Jun.15,3.25
12.Jun.15,3.25
15.Jun.15,3.25
16.Jun.15,3.25
17.Jun.15,3.25
18.Jun.15,3.25
19.Jun.15,3.25
22.Jun.15,3.25
23.Jun.15,3.25
24.Jun.15,3.25
25.Jun.15,3.25
26.Jun.15,3.25
29.Jun.15,3.25
30.Jun.15,3.25
01.Jul.15,3.25
02.Jul.15,3.25
03.Jul.15,3.25
06.Jul.15,3.25
07.Jul.15,3.25
08.Jul.15,3.25
09.Jul.15,3.25
10.Jul.15,3.25
13.Jul.15,3.25
14.Jul.15,3.25
15.Jul.15,3.25
16.Jul.15,3.25
17.Jul.15,3.25
20.Jul.15,3.25
21.Jul.15,3.25
22.Jul.15,3.25
23.Jul.15,3.25
24.Jul.15,3.25
27.Jul.15,3.25
28.Jul.15,3.25
29.Jul.15,3.25
30.Jul.15,3.25
31.Jul.15,3.25
03.Ago.15,3.25
04.Ago.15,3.25
05.Ago.15,3.25
06.Ago.15,3.25
07.Ago.15,3.25
10.Ago.15,3.25
11.Ago.15,3.25
12.Ago.15,3.25
13.Ago.15,3.25
14.Ago.15,3.25
17.Ago.15,3.25
18.Ago.15,3.25
19.Ago.15,3.25
20.Ago.15,3.25
21.Ago.15,3.25
24.Ago.15,3.25
25.Ago.15,3.25
26.Ago.15,3.25
27.Ago.15,3.25
28.Ago.15,3.25
31.Ago.15,3.25
01.Set.15,3.25
02.Set.15,3.25
03.Set.15,3.25
04.Set.15,3.25
07.Set.15,3.25
08.Set.15,3.25
09.Set.15,3.25
10.Set.15,3.25
11.Set.15,3.5
14.Set.15,3.5
15.Set.15,3.5
16.Set.15,3.5
17.Set.15,3.5
18.Set.15,3.5
21.Set.15,3.5
22.Set.15,3.5
23.Set.15,3.5
24.Set.15,3.5
25.Set.15,3.5
28.Set.15,3.5
29.Set.15,3.5
30.Set.15,3.5
01.Oct.15,3.5
02.Oct.15,3.5
05.Oct.15,3.5
06.Oct.15,3.5
07.Oct.15,3.5
08.Oct.15,3.5
09.Oct.15,3.5
12.Oct.15,3.5
13.Oct.15,3.5
14.Oct.15,3.5
15.Oct.15,3.5
16.Oct.15,3.5
19.Oct.15,3.5
20.Oct.15,3.5
21.Oct.15,3.5
22.Oct.15,3.5
23.Oct.15,3.5
26.Oct.15,3.5
27.Oct.15,3.5
28.Oct.15,3.5
29.Oct.15,3.5
30.Oct.15,3.5
02.Nov.15,3.5
03.Nov.15,3.5
04.Nov.15,3.5
05.Nov.15,3.5
06.Nov.15,3.5
09.Nov.15,3.5
10.Nov.15,3.5
11.Nov.15,3.5
12.Nov.15,3.5
13.Nov.15,3.5
16.Nov.15,3.5
17.Nov.15,3.5
18.Nov.15,3.5
19.Nov.15,3.5
20.Nov.15,3.5
23.Nov.15,3.5
24.Nov.15,3.5
25.Nov.15,3.5
26.Nov.15,3.5
27.Nov.15,3.5
30.Nov.15,3.5
01.Dic.15,3.5
02.Dic.15,3.5
03.Dic.15,3.5
04.Dic.15,3.5
07.Dic.15,3.5
08.Dic.15,3.5
09.Dic.15,3.5
10.Dic.15,3.5
11.Dic.15,3.75
14.Dic.15,3.75
15.Dic.15,3.75
16.Dic.15,3.75
17.Dic.15,3.75
18.Dic.15,3.75
21.Dic.15,3.75
22.Dic.15,3.75
23.Dic.15,3.75
24.Dic.15,3.75
25.Dic.15,3.75
28.Dic.15,3.75
29.Dic.15,3.75
30.Dic.15,3.75
31.Dic.15,3.75
01.Ene.16,3.75
04.Ene.16,3.75
05.Ene.16,3.75
06.Ene.16,3.75
07.Ene.16,3.75
08.Ene.16,3.75
11.Ene.16,3.75
12.Ene.16,3.75
13.Ene.16,3.75
14.Ene.16,3.75
15.Ene.16,4
18.Ene.16,4
19.Ene.16,4
20.Ene.16,4
21.Ene.16,4
22.Ene.16,4
25.Ene.16,4
26.Ene.16,4
27.Ene.16,4
28.Ene.16,4
29.Ene.16,4
01.Feb.16,4
02.Feb.16,4
03.Feb.16,4
04.Feb.16,4
05.Feb.16,4
08.Feb.16,4
09.Feb.16,4
10.Feb.16,4
11.Feb.16,4
12.Feb.16,4.25
15.Feb.16,4.25
16.Feb.16,4.25
17.Feb.16,4.25
18.Feb.16,4.25
19.Feb.16,4.25
22.Feb.16,4.25
23.Feb.16,4.25
24.Feb.16,4.25
25.Feb.16,4.25
26.Feb.16,4.25
29.Feb.16,4.25
01.Mar.16,4.25
02.Mar.16,4.25
03.Mar.16,4.25
04.Mar.16,4.25
07.Mar.16,4.25
08.Mar.16,4.25
09.Mar.16,4.25
10.Mar.16,4.25
11.Mar.16,4.25
14.Mar.16,4.25
15.Mar.16,4.25
16.Mar.16,4.25
17.Mar.16,4.25
18.Mar.16,4.25
21.Mar.16,4.25
22.Mar.16,4.25
23.Mar.16,4.25
24.Mar.16,4.25
25.Mar.16,4.25
28.Mar.16,4.25
29.Mar.16,4.25
30.Mar.16,4.25
31.Mar.16,4.25
01.Abr.16,4.25
04.Abr.16,4.25
05.Abr.16,4.25
06.Abr.16,4.25
07.Abr.16,4.25
08.Abr.16,4.25
11.Abr.16,4.25
12.Abr.16,4.25
13.Abr.16,4.25
14.Abr.16,4.25
15.Abr.16,4.25
18.Abr.16,4.25
19.Abr.16,4.25
20.Abr.16,4.25
21.Abr.16,4.25
22.Abr.16,4.25
25.Abr.16,4.25
26.Abr.16,4.25
27.Abr.16,4.25
28.Abr.16,4.25
29.Abr.16,4.25
02.May.16,4.25
03.May.16,4.25
04.May.16,4.25
05.May.16,4.25
06.May.16,4.25
09.May.16,4.25
10.May.16,4.25
11.May.16,4.25
12.May.16,4.25
13.May.16,4.25
16.May.16,4.25
17.May.16,4.25
18.May.16,4.25
19.May.16,4.25
20.May.16,4.25
23.May.16,4.25
24.May.16,4.25
25.May.16,4.25
26.May.16,4.25
27.May.16,4.25
30.May.16,4.25
31.May.16,4.25
01.Jun.16,4.25
02.Jun.16,4.25
03.Jun.16,4.25
06.Jun.16,4.25
07.Jun.16,4.25
08.Jun.16,4.25
09.Jun.16,4.25
10.Jun.16,4.25
13.Jun.16,4.25
14.Jun.16,4.25
15.Jun.16,4.25
16.Jun.16,4.25
17.Jun.16,4.25
20.Jun.16,4.25
21.Jun.16,4.25
22.Jun.16,4.25
23.Jun.16,4.25
24.Jun.16,4.25
27.Jun.16,4.25
28.Jun.16,4.25
29.Jun.16,4.25
30.Jun.16,4.25
01.Jul.16,4.25
04.Jul.16,4.25
05.Jul.16,4.25
06.Jul.16,4.25
07.Jul.16,4.25
08.Jul.16,4.25
11.Jul.16,4.25
12.Jul.16,4.25
13.Jul.16,4.25
14.Jul.16,4.25
15.Jul.16,4.25
18.Jul.16,4.25
19.Jul.16,4.25
20.Jul.16,4.25
21.Jul.16,4.25
22.Jul.16,4.25
25.Jul.16,4.25
26.Jul.16,4.25
27.Jul.16,4.25
28.Jul.16,4.25
29.Jul.16,4.25
01.Ago.16,4.25
02.Ago.16,4.25
03.Ago.16,4.25
04.Ago.16,4.25
05.Ago.16,4.25
08.Ago.16,4.25
09.Ago.16,4.25
10.Ago.16,4.25
11.Ago.16,4.25
12.Ago.16,4.25
15.Ago.16,4.25
16.Ago.16,4.25
17.Ago.16,4.25
18.Ago.16,4.25
19.Ago.16,4.25
22.Ago.16,4.25
23.Ago.16,4.25
24.Ago.16,4.25
25.Ago.16,4.25
26.Ago.16,4.25
29.Ago.16,4.25
30.Ago.16,4.25
31.Ago.16,4.25
01.Set.16,4.25
02.Set.16,4.25
05.Set.16,4.25
06.Set.16,4.25
07.Set.16,4.25
08.Set.16,4.25
09.Set.16,4.25
12.Set.16,4.25
13.Set.16,4.25
14.Set.16,4.25
15.Set.16,4.25
16.Set.16,4.25
19.Set.16,4.25
20.Set.16,4.25
21.Set.16,4.25
22.Set.16,4.25
23.Set.16,4.25
26.Set.16,4.25
27.Set.16,4.25
28.Set.16,4.25
29.Set.16,4.25
30.Set.16,4.25
03.Oct.16,4.25
04.Oct.16,4.25
05.Oct.16,4.25
06.Oct.16,4.25
07.Oct.16,4.25
10.Oct.16,4.25
11.Oct.16,4.25
12.Oct.16,4.25
13.Oct.16,4.25
14.Oct.16,4.25
17.Oct.16,4.25
18.Oct.16,4.25
19.Oct.16,4.25
20.Oct.16,4.25
21.Oct.16,4.25
24.Oct.16,4.25
25.Oct.16,4.25
26.Oct.16,4.25
27.Oct.16,4.25
28.Oct.16,4.25
31.Oct.16,4.25
01.Nov.16,n.d.
02.Nov.16,4.25
03.Nov.16,4.25
04.Nov.16,4.25
07.Nov.16,4.25
08.Nov.16,4.25
09.Nov.16,4.25
10.Nov.16,4.25
11.Nov.16,4.25
14.Nov.16,4.25
15.Nov.16,4.25
16.Nov.16,4.25
17.Nov.16,n.d.
18.Nov.16,n.d.
21.Nov.16,4.25
22.Nov.16,4.25
23.Nov.16,4.25
24.Nov.16,4.25
25.Nov.16,4.25
28.Nov.16,4.25
29.Nov.16,4.25
30.Nov.16,4.25
01.Dic.16,4.25
02.Dic.16,4.25
05.Dic.16,4.25
06.Dic.16,4.25
07.Dic.16,4.25
08.Dic.16,n.d.
09.Dic.16,4.25
12.Dic.16,4.25
13.Dic.16,4.25
14.Dic.16,4.25
15.Dic.16,4.25
16.Dic.16,4.25
19.Dic.16,4.25
20.Dic.16,4.25
21.Dic.16,4.25
22.Dic.16,4.25
23.Dic.16,4.25
26.Dic.16,4.25
27.Dic.16,4.25
28.Dic.16,4.25
29.Dic.16,4.25
30.Dic.16,4.25
02.Ene.17,4.25
03.Ene.17,4.25
04.Ene.17,4.25
05.Ene.17,4.25
06.Ene.17,4.25
09.Ene.17,4.25
10.Ene.17,4.25
11.Ene.17,4.25
12.Ene.17,4.25
13.Ene.17,4.25
16.Ene.17,4.25
17.Ene.17,4.25
18.Ene.17,4.25
19.Ene.17,4.25
20.Ene.17,4.25
23.Ene.17,4.25
24.Ene.17,4.25
25.Ene.17,4.25
26.Ene.17,4.25
27.Ene.17,4.25
30.Ene.17,4.25
31.Ene.17,4.25
01.Feb.17,4.25
02.Feb.17,4.25
03.Feb.17,4.25
06.Feb.17,4.25
07.Feb.17,4.25
08.Feb.17,4.25
09.Feb.17,4.25
10.Feb.17,4.25
13.Feb.17,4.25
14.Feb.17,4.25
15.Feb.17,4.25
16.Feb.17,4.25
17.Feb.17,4.25
20.Feb.17,4.25
21.Feb.17,4.25
22.Feb.17,4.25
23.Feb.17,4.25
24.Feb.17,4.25
27.Feb.17,4.25
28.Feb.17,4.25
01.Mar.17,4.25
02.Mar.17,4.25
03.Mar.17,4.25
06.Mar.17,4.25
07.Mar.17,4.25
08.Mar.17,4.25
09.Mar.17,4.25
10.Mar.17,4.25
13.Mar.17,4.25
14.Mar.17,4.25
15.Mar.17,4.25
16.Mar.17,4.25
17.Mar.17,4.25
20.Mar.17,4.25
21.Mar.17,4.25
22.Mar.17,4.25
23.Mar.17,4.25
24.Mar.17,4.25
27.Mar.17,4.25
28.Mar.17,4.25
29.Mar.17,4.25
30.Mar.17,4.25
31.Mar.17,4.25
03.Abr.17,4.25
04.Abr.17,4.25
05.Abr.17,4.25
06.Abr.17,4.25
07.Abr.17,4.25
10.Abr.17,4.25
11.Abr.17,4.25
12.Abr.17,4.25
13.Abr.17,n.d.
14.Abr.17,n.d.
17.Abr.17,4.25
18.Abr.17,4.25
19.Abr.17,4.25
20.Abr.17,4.25
21.Abr.17,4.25
24.Abr.17,4.25
25.Abr.17,4.25
26.Abr.17,4.25
27.Abr.17,4.25
28.Abr.17,4.25
01.May.17,n.d.
02.May.17,4.25
03.May.17,4.25
04.May.17,4.25
05.May.17,4.25
08.May.17,4.25
09.May.17,4.25
10.May.17,4.25
11.May.17,4.25
12.May.17,4
15.May.17,4
16.May.17,4
17.May.17,4
18.May.17,4
19.May.17,4
22.May.17,4
23.May.17,4
24.May.17,4
25.May.17,4
26.May.17,4
29.May.17,4
30.May.17,4
31.May.17,4
01.Jun.17,4
02.Jun.17,4
05.Jun.17,4
06.Jun.17,4
07.Jun.17,4
08.Jun.17,4
09.Jun.17,4
12.Jun.17,4
13.Jun.17,4
14.Jun.17,4
15.Jun.17,4
16.Jun.17,4
19.Jun.17,4
20.Jun.17,4
21.Jun.17,4
22.Jun.17,4
23.Jun.17,4
26.Jun.17,4
27.Jun.17,4
28.Jun.17,4
29.Jun.17,n.d.
30.Jun.17,n.d.
03.Jul.17,4
04.Jul.17,4
05.Jul.17,4
06.Jul.17,4
07.Jul.17,4
10.Jul.17,4
11.Jul.17,4
12.Jul.17,4
13.Jul.17,4
14.Jul.17,3.75
17.Jul.17,3.75
18.Jul.17,3.75
19.Jul.17,3.75
20.Jul.17,3.75
21.Jul.17,3.75
24.Jul.17,3.75
25.Jul.17,3.75
26.Jul.17,3.75
27.Jul.17,n.d.
28.Jul.17,n.d.
31.Jul.17,3.75
01.Ago.17,3.75
02.Ago.17,3.75
03.Ago.17,3.75
04.Ago.17,3.75
07.Ago.17,3.75
08.Ago.17,3.75
09.Ago.17,3.75
10.Ago.17,3.75
11.Ago.17,3.75
14.Ago.17,3.75
15.Ago.17,3.75
16.Ago.17,3.75
17.Ago.17,3.75
18.Ago.17,3.75
21.Ago.17,3.75
22.Ago.17,3.75
23.Ago.17,3.75
24.Ago.17,3.75
25.Ago.17,3.75
28.Ago.17,3.75
29.Ago.17,3.75
30.Ago.17,n.d.
31.Ago.17,3.75
01.Set.17,3.75
04.Set.17,3.75
05.Set.17,3.75
06.Set.17,3.75
07.Set.17,3.75
08.Set.17,3.75
11.Set.17,3.75
12.Set.17,3.75
13.Set.17,3.75
14.Set.17,"3.7512301,2011-04-07,3.75"
15.Set.17,3.5
18.Set.17,3.5
19.Set.17,3.5
20.Set.17,3.5
21.Set.17,3.5
22.Set.17,3.5
25.Set.17,3.5
26.Set.17,3.5
27.Set.17,3.5
28.Set.17,3.5
29.Set.17,3.5
02.Oct.17,3.5
03.Oct.17,3.5
04.Oct.17,3.5
05.Oct.17,3.5
06.Oct.17,3.5
09.Oct.17,3.5
10.Oct.17,3.5
11.Oct.17,3.5
12.Oct.17,3.5
13.Oct.17,3.5
16.Oct.17,3.5
17.Oct.17,3.5
18.Oct.17,3.5
19.Oct.17,3.5
20.Oct.17,3.5
23.Oct.17,3.5
24.Oct.17,3.5
25.Oct.17,3.5
26.Oct.17,3.5
27.Oct.17,3.5
30.Oct.17,3.5
31.Oct.17,3.5
01.Nov.17,n.d.
02.Nov.17,3.5
03.Nov.17,3.5
06.Nov.17,3.5
07.Nov.17,3.5
08.Nov.17,3.5
09.Nov.17,3.5
10.Nov.17,3.25
13.Nov.17,3.25
14.Nov.17,3.25
15.Nov.17,3.25
16.Nov.17,3.25
17.Nov.17,3.25
20.Nov.17,3.25
21.Nov.17,3.25
22.Nov.17,3.25
23.Nov.17,3.25
24.Nov.17,3.25
27.Nov.17,3.25
28.Nov.17,3.25
29.Nov.17,3.25
30.Nov.17,3.25
01.Dic.17,3.25
04.Dic.17,3.25
05.Dic.17,3.25
06.Dic.17,3.25
07.Dic.17,3.25
08.Dic.17,n.d.
11.Dic.17,3.25
12.Dic.17,3.25
13.Dic.17,3.25
14.Dic.17,3.25
15.Dic.17,3.25
18.Dic.17,3.25
19.Dic.17,3.25
20.Dic.17,3.25
21.Dic.17,3.25
22.Dic.17,3.25
25.Dic.17,n.d.
26.Dic.17,3.25
27.Dic.17,3.25
28.Dic.17,3.25
29.Dic.17,3.25
01.Ene.18,n.d.
02.Ene.18,n.d.
03.Ene.18,3.25
04.Ene.18,3.25
05.Ene.18,3.25
08.Ene.18,3.25
09.Ene.18,3.25
10.Ene.18,3.25
11.Ene.18,3.25
12.Ene.18,3
15.Ene.18,3
16.Ene.18,3
17.Ene.18,3
18.Ene.18,3
19.Ene.18,3
22.Ene.18,3
23.Ene.18,3
24.Ene.18,3
25.Ene.18,3
26.Ene.18,3
29.Ene.18,3
30.Ene.18,3
31.Ene.18,3
01.Feb.18,3
02.Feb.18,3
05.Feb.18,3
06.Feb.18,3
07.Feb.18,3
08.Feb.18,3
09.Feb.18,3
12.Feb.18,3
13.Feb.18,3
14.Feb.18,3
15.Feb.18,3
16.Feb.18,3
19.Feb.18,3
20.Feb.18,3
21.Feb.18,3
22.Feb.18,3
23.Feb.18,3
26.Feb.18,3
27.Feb.18,3
28.Feb.18,3
01.Mar.18,3
02.Mar.18,3
05.Mar.18,3
06.Mar.18,3
07.Mar.18,3
08.Mar.18,3
09.Mar.18,2.75
12.Mar.18,2.75
13.Mar.18,2.75
14.Mar.18,2.75
15.Mar.18,2.75
16.Mar.18,2.75
19.Mar.18,2.75
20.Mar.18,2.75
21.Mar.18,2.75
22.Mar.18,2.75
23.Mar.18,2.75
26.Mar.18,2.75
27.Mar.18,2.75
28.Mar.18,2.75
29.Mar.18,n.d.
30.Mar.18,n.d.
02.Abr.18,2.75
03.Abr.18,2.75
04.Abr.18,2.75
05.Abr.18,2.75
06.Abr.18,2.75
09.Abr.18,2.75
10.Abr.18,2.75
11.Abr.18,2.75
12.Abr.18,2.75
13.Abr.18,n.d.
16.Abr.18,2.75
17.Abr.18,2.75
18.Abr.18,2.75
19.Abr.18,2.75
20.Abr.18,2.75
23.Abr.18,2.75
24.Abr.18,2.75
25.Abr.18,2.75
26.Abr.18,2.75
27.Abr.18,2.75
30.Abr.18,2.75
01.May.18,n.d.
02.May.18,2.75
03.May.18,2.75
04.May.18,2.75
07.May.18,2.75
08.May.18,2.75
09.May.18,2.75
10.May.18,2.75
11.May.18,2.75
14.May.18,2.75
15.May.18,2.75
16.May.18,2.75
17.May.18,2.75
18.May.18,2.75
21.May.18,2.75
22.May.18,2.75
23.May.18,2.75
24.May.18,2.75
25.May.18,2.75
28.May.18,2.75
29.May.18,2.75
30.May.18,2.75
31.May.18,2.75
01.Jun.18,2.75
04.Jun.18,2.75
05.Jun.18,2.75
06.Jun.18,2.75
07.Jun.18,2.75
08.Jun.18,2.75
11.Jun.18,2.75
12.Jun.18,2.75
13.Jun.18,2.75
14.Jun.18,2.75
15.Jun.18,2.75
18.Jun.18,2.75
19.Jun.18,2.75
20.Jun.18,2.75
21.Jun.18,2.75
22.Jun.18,2.75
25.Jun.18,2.75
26.Jun.18,2.75
27.Jun.18,2.75
28.Jun.18,2.75
29.Jun.18,2.75
02.Jul.18,2.75
03.Jul.18,2.75
04.Jul.18,2.75
05.Jul.18,2.75
06.Jul.18,2.75
09.Jul.18,2.75
10.Jul.18,2.75
11.Jul.18,2.75
12.Jul.18,2.75
13.Jul.18,2.75
16.Jul.18,2.75
17.Jul.18,2.75
18.Jul.18,2.75
19.Jul.18,2.75
20.Jul.18,2.75
23.Jul.18,2.75
24.Jul.18,2.75
25.Jul.18,2.75
26.Jul.18,2.75
27.Jul.18,n.d.
30.Jul.18,2.75
31.Jul.18,2.75
01.Ago.18,2.75
02.Ago.18,2.75
03.Ago.18,2.75
06.Ago.18,2.75
07.Ago.18,2.75
08.Ago.18,2.75
09.Ago.18,2.75
10.Ago.18,2.75
13.Ago.18,2.75
14.Ago.18,2.75
15.Ago.18,2.75
16.Ago.18,2.75
17.Ago.18,2.75
20.Ago.18,2.75
21.Ago.18,2.75
22.Ago.18,2.75
23.Ago.18,2.75
24.Ago.18,2.75
27.Ago.18,2.75
28.Ago.18,2.75
29.Ago.18,2.75
30.Ago.18,n.d.
31.Ago.18,n.d.
03.Set.18,2.75
04.Set.18,2.75
05.Set.18,2.75
06.Set.18,2.75
07.Set.18,2.75
10.Set.18,2.75
11.Set.18,2.75
12.Set.18,2.75
13.Set.18,2.75
14.Set.18,2.75
17.Set.18,2.75
18.Set.18,2.75
19.Set.18,2.75
20.Set.18,2.75
21.Set.18,2.75
24.Set.18,2.75
25.Set.18,2.75
26.Set.18,2.75
27.Set.18,2.75
28.Set.18,2.75
01.Oct.18,2.75
02.Oct.18,2.75
03.Oct.18,2.75
04.Oct.18,2.75
05.Oct.18,2.75
08.Oct.18,n.d.
09.Oct.18,2.75
10.Oct.18,2.75
11.Oct.18,2.75
12.Oct.18,2.75
15.Oct.18,2.75
16.Oct.18,2.75
17.Oct.18,2.75
18.Oct.18,2.75
19.Oct.18,2.75
22.Oct.18,2.75
23.Oct.18,2.75
24.Oct.18,2.75
25.Oct.18,2.75
26.Oct.18,2.75
29.Oct.18,2.75
30.Oct.18,2.75
31.Oct.18,2.75
01.Nov.18,n.d.
02.Nov.18,n.d.
05.Nov.18,2.75
06.Nov.18,2.75
07.Nov.18,2.75
08.Nov.18,2.75
09.Nov.18,2.75
12.Nov.18,2.75
13.Nov.18,2.75
14.Nov.18,2.75
15.Nov.18,2.75
16.Nov.18,2.75
19.Nov.18,2.75
20.Nov.18,2.75
21.Nov.18,2.75
22.Nov.18,2.75
23.Nov.18,2.75
26.Nov.18,2.75
27.Nov.18,2.75
28.Nov.18,2.75
29.Nov.18,2.75
30.Nov.18,2.75
03.Dic.18,2.75
04.Dic.18,2.75
05.Dic.18,2.75
06.Dic.18,2.75
07.Dic.18,2.75
10.Dic.18,2.75
11.Dic.18,2.75
12.Dic.18,2.75
13.Dic.18,2.75
14.Dic.18,2.75
17.Dic.18,2.75
18.Dic.18,2.75
19.Dic.18,2.75
20.Dic.18,2.75
21.Dic.18,2.75
24.Dic.18,n.d.
25.Dic.18,n.d.
26.Dic.18,2.75
27.Dic.18,2.75
28.Dic.18,2.75
31.Dic.18,2.75
01.Ene.19,n.d.
02.Ene.19,2.75
03.Ene.19,2.75
04.Ene.19,2.75
07.Ene.19,2.75
08.Ene.19,2.75
09.Ene.19,2.75
10.Ene.19,2.75
11.Ene.19,2.75
14.Ene.19,2.75
15.Ene.19,2.75
16.Ene.19,2.75
17.Ene.19,2.75
18.Ene.19,2.75
21.Ene.19,2.75
22.Ene.19,2.75
23.Ene.19,2.75
24.Ene.19,2.75
25.Ene.19,2.75
28.Ene.19,2.75
29.Ene.19,2.75
30.Ene.19,2.75
31.Ene.19,2.75
01.Feb.19,2.75
04.Feb.19,2.75
05.Feb.19,2.75
06.Feb.19,2.75
07.Feb.19,2.75
08.Feb.19,2.75
11.Feb.19,2.75
12.Feb.19,2.75
13.Feb.19,2.75
14.Feb.19,2.75
15.Feb.19,2.75
18.Feb.19,2.75
19.Feb.19,2.75
20.Feb.19,2.75
21.Feb.19,2.75
22.Feb.19,2.75
25.Feb.19,2.75
26.Feb.19,2.75
27.Feb.19,2.75
28.Feb.19,2.75
01.Mar.19,2.75
04.Mar.19,2.75
05.Mar.19,2.75
06.Mar.19,2.75
07.Mar.19,2.75
08.Mar.19,2.75
11.Mar.19,2.75
12.Mar.19,2.75
13.Mar.19,2.75
14.Mar.19,2.75
15.Mar.19,2.75
18.Mar.19,2.75
19.Mar.19,2.75
20.Mar.19,2.75
21.Mar.19,2.75
22.Mar.19,2.75
25.Mar.19,2.75
26.Mar.19,2.75
27.Mar.19,2.75
28.Mar.19,2.75
29.Mar.19,2.75
01.Abr.19,2.75
02.Abr.19,2.75
03.Abr.19,2.75
04.Abr.19,2.75
05.Abr.19,2.75
08.Abr.19,2.75
09.Abr.19,2.75
10.Abr.19,2.75
11.Abr.19,2.75
12.Abr.19,2.75
15.Abr.19,2.75
16.Abr.19,2.75
17.Abr.19,2.75
18.Abr.19,n.d.
19.Abr.19,n.d.
22.Abr.19,2.75
23.Abr.19,2.75
24.Abr.19,2.75
25.Abr.19,2.75
26.Abr.19,2.75
29.Abr.19,2.75
30.Abr.19,2.75
01.May.19,n.d.
02.May.19,2.75
03.May.19,2.75
06.May.19,2.75
07.May.19,2.75
08.May.19,2.75
09.May.19,2.75
10.May.19,2.75
13.May.19,2.75
14.May.19,2.75
15.May.19,2.75
16.May.19,2.75
17.May.19,2.75
20.May.19,2.75
21.May.19,2.75
22.May.19,2.75
23.May.19,2.75
24.May.19,2.75
27.May.19,2.75
28.May.19,2.75
29.May.19,2.75
30.May.19,2.75
31.May.19,2.75
03.Jun.19,2.75
04.Jun.19,2.75
05.Jun.19,2.75
06.Jun.19,2.75
07.Jun.19,2.75
10.Jun.19,2.75
11.Jun.19,2.75
12.Jun.19,2.75
13.Jun.19,2.75
14.Jun.19,2.75
17.Jun.19,2.75
18.Jun.19,2.75
19.Jun.19,2.75
20.Jun.19,2.75
21.Jun.19,2.75
24.Jun.19,2.75
25.Jun.19,2.75
26.Jun.19,2.75
27.Jun.19,2.75
28.Jun.19,2.75
01.Jul.19,2.75
02.Jul.19,2.75
03.Jul.19,2.75
04.Jul.19,2.75
05.Jul.19,2.75
08.Jul.19,2.75
09.Jul.19,2.75
10.Jul.19,2.75
11.Jul.19,2.75
12.Jul.19,2.75
15.Jul.19,2.75
16.Jul.19,2.75
17.Jul.19,2.75
18.Jul.19,2.75
19.Jul.19,2.75
22.Jul.19,2.75
23.Jul.19,2.75
24.Jul.19,2.75
25.Jul.19,2.75
26.Jul.19,2.75
29.Jul.19,n.d.
30.Jul.19,n.d.
31.Jul.19,2.75
01.Ago.19,2.75
02.Ago.19,2.75
05.Ago.19,2.75
06.Ago.19,2.75
07.Ago.19,2.75
08.Ago.19,2.75
09.Ago.19,2.5
12.Ago.19,2.5
13.Ago.19,2.5
14.Ago.19,2.5
15.Ago.19,2.5
16.Ago.19,2.5
19.Ago.19,2.5
20.Ago.19,2.5
21.Ago.19,2.5
22.Ago.19,2.5
23.Ago.19,2.5
26.Ago.19,2.5
27.Ago.19,2.5
28.Ago.19,2.5
29.Ago.19,n.d.
30.Ago.19,n.d.
02.Set.19,2.5
03.Set.19,2.5
04.Set.19,2.5
05.Set.19,2.5
06.Set.19,2.5
09.Set.19,2.5
10.Set.19,2.5
11.Set.19,2.5
12.Set.19,2.5
13.Set.19,2.5
16.Set.19,2.5
17.Set.19,2.5
18.Set.19,2.5
19.Set.19,2.5
20.Set.19,2.5
23.Set.19,2.5
24.Set.19,2.5
25.Set.19,2.5
26.Set.19,2.5
27.Set.19,2.5
30.Set.19,2.5
01.Oct.19,2.5
02.Oct.19,2.5
03.Oct.19,2.5
04.Oct.19,2.5
07.Oct.19,2.5
08.Oct.19,n.d.
09.Oct.19,2.5
10.Oct.19,2.5
11.Oct.19,2.5
14.Oct.19,2.5
15.Oct.19,2.5
16.Oct.19,2.5
17.Oct.19,2.5
18.Oct.19,2.5
21.Oct.19,2.5
22.Oct.19,2.5
23.Oct.19,2.5
24.Oct.19,2.5
25.Oct.19,2.5
28.Oct.19,2.5
29.Oct.19,2.5
30.Oct.19,2.5
31.Oct.19,n.d.
01.Nov.19,n.d.
04.Nov.19,2.5
05.Nov.19,2.5
06.Nov.19,2.5
07.Nov.19,2.5
08.Nov.19,2.25
11.Nov.19,2.25
12.Nov.19,2.25
13.Nov.19,2.25
14.Nov.19,2.25
15.Nov.19,2.25
18.Nov.19,2.25
19.Nov.19,2.25
20.Nov.19,2.25
21.Nov.19,2.25
22.Nov.19,2.25
25.Nov.19,2.25
26.Nov.19,2.25
27.Nov.19,2.25
28.Nov.19,2.25
29.Nov.19,2.25
02.Dic.19,2.25
03.Dic.19,2.25
04.Dic.19,2.25
05.Dic.19,2.25
06.Dic.19,2.25
09.Dic.19,2.25
10.Dic.19,2.25
11.Dic.19,2.25
12.Dic.19,2.25
13.Dic.19,2.25
16.Dic.19,2.25
17.Dic.19,2.25
18.Dic.19,2.25
19.Dic.19,2.25
20.Dic.19,2.25
23.Dic.19,2.25
24.Dic.19,2.25
25.Dic.19,n.d.
26.Dic.19,2.25
27.Dic.19,2.25
30.Dic.19,2.25
31.Dic.19,2.25
01.Ene.20,n.d.
02.Ene.20,2.25
03.Ene.20,2.25
06.Ene.20,2.25
07.Ene.20,2.25
08.Ene.20,2.25
09.Ene.20,2.25
10.Ene.20,2.25
13.Ene.20,2.25
14.Ene.20,2.25
15.Ene.20,2.25
16.Ene.20,2.25
17.Ene.20,2.25
20.Ene.20,2.25
21.Ene.20,2.25
22.Ene.20,2.25
23.Ene.20,2.25
24.Ene.20,2.25
27.Ene.20,2.25
28.Ene.20,2.25
29.Ene.20,2.25
30.Ene.20,2.25
31.Ene.20,2.25
03.Feb.20,2.25
04.Feb.20,2.25
05.Feb.20,2.25
06.Feb.20,2.25
07.Feb.20,2.25
10.Feb.20,2.25
11.Feb.20,2.25
12.Feb.20,2.25
13.Feb.20,2.25
14.Feb.20,2.25
17.Feb.20,2.25
18.Feb.20,2.25
19.Feb.20,2.25
20.Feb.20,2.25
21.Feb.20,2.25
24.Feb.20,2.25
25.Feb.20,2.25
26.Feb.20,2.25
27.Feb.20,2.25
28.Feb.20,2.25
02.Mar.20,2.25
03.Mar.20,2.25
04.Mar.20,2.25
05.Mar.20,2.25
06.Mar.20,2.25
09.Mar.20,2.25
10.Mar.20,2.25
11.Mar.20,2.25
12.Mar.20,2.25
13.Mar.20,2.25
16.Mar.20,2.25
17.Mar.20,2.25
18.Mar.20,2.25
19.Mar.20,2.25
20.Mar.20,1.25
23.Mar.20,1.25
24.Mar.20,1.25
25.Mar.20,1.25
26.Mar.20,1.25
27.Mar.20,1.25
30.Mar.20,1.25
31.Mar.20,1.25
01.Abr.20,1.25
02.Abr.20,1.25
03.Abr.20,1.25
06.Abr.20,1.25
07.Abr.20,1.25
08.Abr.20,1.25
09.Abr.20,n.d.
10.Abr.20,n.d.
13.Abr.20,0.25
14.Abr.20,0.25
15.Abr.20,0.25
16.Abr.20,0.25
17.Abr.20,0.25
20.Abr.20,0.25
21.Abr.20,0.25
22.Abr.20,0.25
23.Abr.20,0.25
24.Abr.20,0.25
27.Abr.20,0.25
28.Abr.20,0.25
29.Abr.20,0.25
30.Abr.20,0.25
01.May.20,n.d.
04.May.20,0.25
05.May.20,0.25
06.May.20,0.25
07.May.20,0.25
08.May.20,0.25
11.May.20,0.25
12.May.20,0.25
13.May.20,0.25
14.May.20,0.25
15.May.20,0.25
18.May.20,0.25
19.May.20,0.25
20.May.20,0.25
21.May.20,0.25
22.May.20,0.25
25.May.20,0.25
26.May.20,0.25
27.May.20,0.25
28.May.20,0.25
29.May.20,0.25
01.Jun.20,0.25
02.Jun.20,0.25
03.Jun.20,0.25
04.Jun.20,0.25
05.Jun.20,0.25
08.Jun.20,0.25
09.Jun.20,0.25
10.Jun.20,0.25
11.Jun.20,0.25
12.Jun.20,0.25
15.Jun.20,0.25
16.Jun.20,0.25
17.Jun.20,0.25
18.Jun.20,0.25
19.Jun.20,0.25
22.Jun.20,0.25
23.Jun.20,0.25
24.Jun.20,0.25
25.Jun.20,0.25
26.Jun.20,0.25
29.Jun.20,n.d.
30.Jun.20,0.25
01.Jul.20,0.25
02.Jul.20,0.25
03.Jul.20,0.25
06.Jul.20,0.25
07.Jul.20,0.25
08.Jul.20,0.25
09.Jul.20,0.25
10.Jul.20,0.25
13.Jul.20,0.25
14.Jul.20,0.25
15.Jul.20,0.25
16.Jul.20,0.25
17.Jul.20,0.25
20.Jul.20,0.25
21.Jul.20,0.25
22.Jul.20,0.25
23.Jul.20,0.25
24.Jul.20,0.25
27.Jul.20,0.25
28.Jul.20,n.d.
29.Jul.20,0.25
30.Jul.20,0.25
31.Jul.20,0.25
03.Ago.20,0.25
04.Ago.20,0.25
05.Ago.20,0.25
06.Ago.20,0.25
07.Ago.20,0.25
10.Ago.20,0.25
11.Ago.20,0.25
12.Ago.20,0.25
13.Ago.20,0.25
14.Ago.20,0.25
17.Ago.20,0.25
18.Ago.20,0.25
19.Ago.20,0.25
20.Ago.20,0.25
21.Ago.20,0.25
24.Ago.20,0.25
25.Ago.20,0.25
26.Ago.20,0.25
27.Ago.20,0.25
28.Ago.20,0.25
31.Ago.20,0.25
01.Set.20,0.25
02.Set.20,0.25
03.Set.20,0.25
04.Set.20,0.25
07.Set.20,0.25
08.Set.20,0.25
09.Set.20,0.25
10.Set.20,0.25
11.Set.20,0.25
14.Set.20,0.25
15.Set.20,0.25
16.Set.20,0.25
17.Set.20,0.25
18.Set.20,0.25
21.Set.20,0.25
22.Set.20,0.25
23.Set.20,0.25
24.Set.20,0.25
25.Set.20,0.25
28.Set.20,0.25
29.Set.20,0.25
30.Set.20,0.25
01.Oct.20,0.25
02.Oct.20,0.25
05.Oct.20,0.25
06.Oct.20,0.25
07.Oct.20,0.25
08.Oct.20,0.25
09.Oct.20,0.25
12.Oct.20,0.25
13.Oct.20,0.25
14.Oct.20,0.25
15.Oct.20,0.25
16.Oct.20,0.25
19.Oct.20,0.25
20.Oct.20,0.25
21.Oct.20,0.25
22.Oct.20,0.25
23.Oct.20,0.25
26.Oct.20,0.25
27.Oct.20,0.25
28.Oct.20,0.25
29.Oct.20,0.25
30.Oct.20,0.25
02.Nov.20,0.25
03.Nov.20,0.25
04.Nov.20,0.25
05.Nov.20,0.25
06.Nov.20,0.25
09.Nov.20,0.25
10.Nov.20,0.25
11.Nov.20,0.25
12.Nov.20,0.25
13.Nov.20,0.25
16.Nov.20,0.25
17.Nov.20,0.25
18.Nov.20,0.25
19.Nov.20,0.25
20.Nov.20,0.25
23.Nov.20,0.25
24.Nov.20,0.25
25.Nov.20,0.25
26.Nov.20,0.25
27.Nov.20,0.25
30.Nov.20,0.25
01.Dic.20,0.25
02.Dic.20,0.25
03.Dic.20,0.25
04.Dic.20,0.25
07.Dic.20,0.25
08.Dic.20,n.d.
09.Dic.20,0.25
10.Dic.20,0.25
11.Dic.20,0.25
14.Dic.20,0.25
15.Dic.20,0.25
16.Dic.20,0.25
17.Dic.20,0.25
18.Dic.20,0.25
21.Dic.20,0.25
22.Dic.20,0.25
23.Dic.20,0.25
24.Dic.20,0.25
25.Dic.20,n.d.
28.Dic.20,0.25
29.Dic.20,0.25
30.Dic.20,0.25
31.Dic.20,0.25
01.Ene.21,n.d.
04.Ene.21,0.25
05.Ene.21,0.25
06.Ene.21,0.25
07.Ene.21,0.25
08.Ene.21,0.25
11.Ene.21,0.25
12.Ene.21,0.25
13.Ene.21,0.25
14.Ene.21,0.25
15.Ene.21,0.25
18.Ene.21,0.25
19.Ene.21,0.25
20.Ene.21,0.25
21.Ene.21,0.25
22.Ene.21,0.25
25.Ene.21,0.25
26.Ene.21,0.25
27.Ene.21,0.25
28.Ene.21,0.25
29.Ene.21,0.25
01.Feb.21,0.25
02.Feb.21,0.25
03.Feb.21,0.25
04.Feb.21,0.25
05.Feb.21,0.25
08.Feb.21,0.25
09.Feb.21,0.25
10.Feb.21,0.25
11.Feb.21,0.25
12.Feb.21,0.25
15.Feb.21,0.25
16.Feb.21,0.25
17.Feb.21,0.25
18.Feb.21,0.25
19.Feb.21,0.25
22.Feb.21,0.25
23.Feb.21,0.25
24.Feb.21,0.25
25.Feb.21,0.25
26.Feb.21,0.25
01.Mar.21,0.25
02.Mar.21,0.25
03.Mar.21,0.25
04.Mar.21,0.25
05.Mar.21,0.25
08.Mar.21,0.25
09.Mar.21,0.25
10.Mar.21,0.25
11.Mar.21,0.25
12.Mar.21,0.25
15.Mar.21,0.25
16.Mar.21,0.25
17.Mar.21,0.25
18.Mar.21,0.25
19.Mar.21,0.25
22.Mar.21,0.25
23.Mar.21,0.25
24.Mar.21,0.25
25.Mar.21,0.25
26.Mar.21,0.25
29.Mar.21,0.25
30.Mar.21,0.25
31.Mar.21,0.25
01.Abr.21,n.d.
02.Abr.21,n.d.
05.Abr.21,0.25
06.Abr.21,0.25
07.Abr.21,0.25
08.Abr.21,0.25
09.Abr.21,0.25
12.Abr.21,0.25
13.Abr.21,0.25
14.Abr.21,0.25
15.Abr.21,0.25
16.Abr.21,0.25
19.Abr.21,0.25
20.Abr.21,0.25
21.Abr.21,0.25
22.Abr.21,0.25
23.Abr.21,0.25
26.Abr.21,0.25
27.Abr.21,0.25
28.Abr.21,0.25
29.Abr.21,0.25
30.Abr.21,0.25
03.May.21,0.25
04.May.21,0.25
05.May.21,0.25
06.May.21,0.25
07.May.21,0.25
10.May.21,0.25
11.May.21,0.25
12.May.21,0.25
13.May.21,0.25
14.May.21,0.25
17.May.21,0.25
18.May.21,0.25
19.May.21,0.25
20.May.21,0.25
21.May.21,0.25
24.May.21,0.25
25.May.21,0.25
26.May.21,0.25
27.May.21,0.25
28.May.21,0.25
31.May.21,0.25
01.Jun.21,0.25
02.Jun.21,0.25
03.Jun.21,0.25
04.Jun.21,0.25
07.Jun.21,0.25
08.Jun.21,0.25
09.Jun.21,0.25
10.Jun.21,0.25
11.Jun.21,0.25
14.Jun.21,0.25
15.Jun.21,0.25
16.Jun.21,0.25
17.Jun.21,0.25
18.Jun.21,0.25
21.Jun.21,0.25
22.Jun.21,0.25
23.Jun.21,0.25
24.Jun.21,0.25
25.Jun.21,0.25
28.Jun.21,0.25
29.Jun.21,n.d.
30.Jun.21,0.25
01.Jul.21,0.25
02.Jul.21,0.25
05.Jul.21,0.25
06.Jul.21,0.25
07.Jul.21,0.25
08.Jul.21,0.25
09.Jul.21,0.25
12.Jul.21,0.25
13.Jul.21,0.25
14.Jul.21,0.25
15.Jul.21,0.25
16.Jul.21,0.25
19.Jul.21,0.25
20.Jul.21,0.25
21.Jul.21,0.25
22.Jul.21,0.25
23.Jul.21,0.25
26.Jul.21,0.25
27.Jul.21,0.25
28.Jul.21,n.d.
29.Jul.21,n.d.
30.Jul.21,0.25
02.Ago.21,0.25
03.Ago.21,0.25
04.Ago.21,0.25
05.Ago.21,0.25
06.Ago.21,0.25
09.Ago.21,0.25
10.Ago.21,0.25
11.Ago.21,0.25
12.Ago.21,0.25
13.Ago.21,0.5
16.Ago.21,0.5
17.Ago.21,0.5
18.Ago.21,0.5
19.Ago.21,0.5
20.Ago.21,0.5
23.Ago.21,0.5
24.Ago.21,0.5
25.Ago.21,0.5
26.Ago.21,0.5
27.Ago.21,0.5
30.Ago.21,n.d.
31.Ago.21,0.5
01.Set.21,0.5
02.Set.21,0.5
03.Set.21,0.5
06.Set.21,0.5
07.Set.21,0.5
08.Set.21,0.5
09.Set.21,0.5
10.Set.21,1
13.Set.21,1
14.Set.21,1
15.Set.21,1
16.Set.21,1
17.Set.21,1
20.Set.21,1
21.Set.21,1
22.Set.21,1
23.Set.21,1
24.Set.21,1
27.Set.21,1
28.Set.21,1
29.Set.21,1
30.Set.21,1
01.Oct.21,1
04.Oct.21,1
05.Oct.21,1
06.Oct.21,1
07.Oct.21,1
08.Oct.21,n.d.
11.Oct.21,1.5
12.Oct.21,1.5
13.Oct.21,1.5
14.Oct.21,1.5
15.Oct.21,1.5
18.Oct.21,1.5
19.Oct.21,1.5
20.Oct.21,1.5
21.Oct.21,1.5
22.Oct.21,1.5
25.Oct.21,1.5
26.Oct.21,1.5
27.Oct.21,1.5
28.Oct.21,1.5
29.Oct.21,1.5
01.Nov.21,n.d.
02.Nov.21,1.5
03.Nov.21,1.5
04.Nov.21,1.5
05.Nov.21,1.5
08.Nov.21,1.5
09.Nov.21,1.5
10.Nov.21,1.5
11.Nov.21,1.5
12.Nov.21,2
15.Nov.21,2
16.Nov.21,2
17.Nov.21,2
18.Nov.21,2
19.Nov.21,2
22.Nov.21,2
23.Nov.21,2
24.Nov.21,2
25.Nov.21,2
26.Nov.21,2
29.Nov.21,2
30.Nov.21,2
01.Dic.21,2
02.Dic.21,2
03.Dic.21,2
06.Dic.21,2
07.Dic.21,2
08.Dic.21,n.d.
09.Dic.21,2
10.Dic.21,2.5
13.Dic.21,2.5
14.Dic.21,2.5
15.Dic.21,2.5
16.Dic.21,2.5
17.Dic.21,2.5
20.Dic.21,2.5
21.Dic.21,2.5
22.Dic.21,2.5
23.Dic.21,2.5
24.Dic.21,2.5
27.Dic.21,2.5
28.Dic.21,2.5
29.Dic.21,2.5
30.Dic.21,2.5
31.Dic.21,2.5
03.Ene.22,2.5
04.Ene.22,2.5
05.Ene.22,2.5
06.Ene.22,2.5
07.Ene.22,3
10.Ene.22,3
11.Ene.22,3
12.Ene.22,3
13.Ene.22,3
14.Ene.22,3
17.Ene.22,3
18.Ene.22,3
19.Ene.22,3
20.Ene.22,3
21.Ene.22,3
24.Ene.22,3
25.Ene.22,3
26.Ene.22,3
27.Ene.22,3
28.Ene.22,3
31.Ene.22,3
01.Feb.22,3
02.Feb.22,3
03.Feb.22,3
04.Feb.22,3
07.Feb.22,3
08.Feb.22,3
09.Feb.22,3
10.Feb.22,3
11.Feb.22,3.5
14.Feb.22,3.5
15.Feb.22,3.5
16.Feb.22,3.5
17.Feb.22,3.5
18.Feb.22,3.5
21.Feb.22,3.5
22.Feb.22,3.5
23.Feb.22,3.5
24.Feb.22,3.5
25.Feb.22,3.5
28.Feb.22,3.5
01.Mar.22,3.5
02.Mar.22,3.5
03.Mar.22,3.5
04.Mar.22,3.5
07.Mar.22,3.5
08.Mar.22,3.5
09.Mar.22,3.5
10.Mar.22,3.5
11.Mar.22,4
14.Mar.22,4
15.Mar.22,4
16.Mar.22,4
17.Mar.22,4
18.Mar.22,4
21.Mar.22,4
22.Mar.22,4
23.Mar.22,4
24.Mar.22,4
25.Mar.22,4
28.Mar.22,4
29.Mar.22,4
30.Mar.22,4
31.Mar.22,4
01.Abr.22,4
04.Abr.22,4
05.Abr.22,4
06.Abr.22,4
07.Abr.22,4
08.Abr.22,4.5
11.Abr.22,4.5
12.Abr.22,4.5
13.Abr.22,4.5
14.Abr.22,n.d.
15.Abr.22,n.d.
18.Abr.22,4.5
19.Abr.22,4.5
20.Abr.22,4.5
21.Abr.22,4.5
22.Abr.22,4.5
25.Abr.22,4.5
26.Abr.22,4.5
27.Abr.22,4.5
28.Abr.22,4.5
29.Abr.22,4.5
02.May.22,4.5
03.May.22,4.5
04.May.22,4.5
05.May.22,4.5
06.May.22,4.5
09.May.22,4.5
10.May.22,4.5
11.May.22,4.5
12.May.22,4.5
13.May.22,5
16.May.22,5
17.May.22,5
18.May.22,5
19.May.22,5
20.May.22,5
23.May.22,5
24.May.22,5
25.May.22,5
26.May.22,5
27.May.22,5
30.May.22,5
31.May.22,5
01.Jun.22,5
02.Jun.22,5
03.Jun.22,5
06.Jun.22,5
07.Jun.22,5
08.Jun.22,5
09.Jun.22,5
10.Jun.22,5.5
13.Jun.22,5.5
14.Jun.22,5.5
15.Jun.22,5.5
16.Jun.22,5.5
17.Jun.22,5.5
20.Jun.22,5.5
21.Jun.22,5.5
22.Jun.22,5.5
23.Jun.22,5.5
24.Jun.22,5.5
27.Jun.22,5.5
28.Jun.22,5.5
29.Jun.22,n.d.
30.Jun.22,5.5
01.Jul.22,5.5
04.Jul.22,5.5
05.Jul.22,5.5
06.Jul.22,5.5
07.Jul.22,5.5
08.Jul.22,6
11.Jul.22,6
12.Jul.22,6
13.Jul.22,6
14.Jul.22,6
15.Jul.22,6
18.Jul.22,6
19.Jul.22,6
20.Jul.22,6
21.Jul.22,6
22.Jul.22,6
25.Jul.22,6
26.Jul.22,6
27.Jul.22,6
28.Jul.22,n.d.
29.Jul.22,n.d.
01.Ago.22,6
02.Ago.22,6
03.Ago.22,6
04.Ago.22,6
05.Ago.22,6
08.Ago.22,6
09.Ago.22,6
10.Ago.22,6
11.Ago.22,6
12.Ago.22,6.5
15.Ago.22,6.5
16.Ago.22,6.5
17.Ago.22,6.5
18.Ago.22,6.5
19.Ago.22,6.5
22.Ago.22,6.5
23.Ago.22,6.5
24.Ago.22,6.5
25.Ago.22,6.5
26.Ago.22,6.5
29.Ago.22,6.5
30.Ago.22,n.d.
31.Ago.22,6.5
01.Set.22,6.5
02.Set.22,6.5
05.Set.22,6.5
06.Set.22,6.5
07.Set.22,6.5
08.Set.22,6.5
09.Set.22,6.75
12.Set.22,6.75
13.Set.22,6.75
14.Set.22,6.75
15.Set.22,6.75
16.Set.22,6.75
19.Set.22,6.75
20.Set.22,6.75
21.Set.22,6.75
22.Set.22,6.75
23.Set.22,6.75
26.Set.22,6.75
27.Set.22,6.75
28.Set.22,6.75
29.Set.22,6.75
30.Set.22,6.75
03.Oct.22,6.75
04.Oct.22,6.75
05.Oct.22,6.75
06.Oct.22,6.75
07.Oct.22,7
10.Oct.22,7
11.Oct.22,7
12.Oct.22,7
13.Oct.22,7
14.Oct.22,7
17.Oct.22,7
18.Oct.22,7
19.Oct.22,7
20.Oct.22,7
21.Oct.22,7
24.Oct.22,7
25.Oct.22,7
26.Oct.22,7
27.Oct.22,7
28.Oct.22,7
31.Oct.22,7
01.Nov.22,7
02.Nov.22,7
03.Nov.22,7
04.Nov.22,7
07.Nov.22,7
08.Nov.22,7
09.Nov.22,7
10.Nov.22,7
11.Nov.22,7.25
14.Nov.22,7.25
15.Nov.22,7.25
16.Nov.22,7.25
17.Nov.22,7.25
18.Nov.22,7.25
21.Nov.22,7.25
22.Nov.22,7.25
23.Nov.22,7.25
24.Nov.22,7.25
25.Nov.22,7.25
28.Nov.22,7.25
29.Nov.22,7.25
30.Nov.22,7.25
01.Dic.22,7.25
02.Dic.22,7.25
05.Dic.22,7.25
06.Dic.22,7.25
07.Dic.22,7.25
08.Dic.22,n.d.
09.Dic.22,n.d.
12.Dic.22,7.5
13.Dic.22,7.5
14.Dic.22,7.5
15.Dic.22,7.5
16.Dic.22,7.5
19.Dic.22,7.5
20.Dic.22,7.5
21.Dic.22,7.5
22.Dic.22,7.5
23.Dic.22,7.5
26.Dic.22,7.5
27.Dic.22,7.5
28.Dic.22,7.5
29.Dic.22,7.5
30.Dic.22,7.5
02.Ene.23,n.d.
03.Ene.23,7.5
04.Ene.23,7.5
05.Ene.23,7.5
06.Ene.23,7.5
09.Ene.23,7.5
10.Ene.23,7.5
11.Ene.23,7.5
12.Ene.23,7.5
13.Ene.23,7.75
16.Ene.23,7.75
17.Ene.23,7.75
18.Ene.23,7.75
19.Ene.23,7.75
20.Ene.23,7.75
23.Ene.23,7.75
24.Ene.23,7.75
25.Ene.23,7.75
26.Ene.23,7.75
27.Ene.23,7.75
30.Ene.23,7.75
31.Ene.23,7.75
01.Feb.23,7.75
02.Feb.23,7.75
03.Feb.23,7.75
06.Feb.23,7.75
07.Feb.23,7.75
08.Feb.23,7.75
09.Feb.23,7.75
10.Feb.23,7.75
13.Feb.23,7.75
14.Feb.23,7.75
15.Feb.23,7.75
16.Feb.23,7.75
17.Feb.23,7.75
20.Feb.23,7.75
21.Feb.23,7.75
22.Feb.23,7.75
23.Feb.23,7.75
24.Feb.23,7.75
27.Feb.23,7.75
28.Feb.23,7.75
01.Mar.23,7.75
02.Mar.23,7.75
03.Mar.23,7.75
06.Mar.23,7.75
07.Mar.23,7.75
08.Mar.23,7.75
09.Mar.23,7.75
10.Mar.23,7.75
13.Mar.23,7.75
14.Mar.23,7.75
15.Mar.23,7.75
16.Mar.23,7.75
17.Mar.23,7.75
20.Mar.23,7.75
21.Mar.23,7.75
22.Mar.23,7.75
23.Mar.23,7.75
24.Mar.23,7.75
27.Mar.23,7.75
28.Mar.23,7.75
29.Mar.23,7.75
30.Mar.23,7.75
31.Mar.23,7.75
03.Abr.23,7.75
04.Abr.23,7.75
05.Abr.23,7.75
06.Abr.23,n.d.
07.Abr.23,n.d.
10.Abr.23,7.75
11.Abr.23,7.75
12.Abr.23,7.75
13.Abr.23,7.75
14.Abr.23,7.75
17.Abr.23,7.75
18.Abr.23,7.75
19.Abr.23,7.75
20.Abr.23,7.75
21.Abr.23,7.75
24.Abr.23,7.75
25.Abr.23,7.75
26.Abr.23,7.75
27.Abr.23,7.75
28.Abr.23,7.75
01.May.23,n.d.
02.May.23,7.75
03.May.23,7.75
04.May.23,7.75
05.May.23,7.75
08.May.23,7.75
09.May.23,7.75
10.May.23,7.75
11.May.23,7.75
12.May.23,7.75
15.May.23,7.75
16.May.23,7.75
17.May.23,7.75
18.May.23,7.75
19.May.23,7.75
22.May.23,7.75
23.May.23,7.75
24.May.23,7.75
25.May.23,7.75
26.May.23,7.75
29.May.23,7.75
30.May.23,7.75
31.May.23,7.75
01.Jun.23,7.75
02.Jun.23,7.75
05.Jun.23,7.75
06.Jun.23,7.75
07.Jun.23,7.75
08.Jun.23,7.75
09.Jun.23,7.75
12.Jun.23,7.75
13.Jun.23,7.75
14.Jun.23,7.75
15.Jun.23,7.75
16.Jun.23,7.75
19.Jun.23,7.75
20.Jun.23,7.75
21.Jun.23,7.75
22.Jun.23,7.75
23.Jun.23,7.75
26.Jun.23,7.75
27.Jun.23,7.75
28.Jun.23,7.75
29.Jun.23,n.d.
30.Jun.23,7.75
03.Jul.23,7.75
04.Jul.23,7.75
05.Jul.23,7.75
06.Jul.23,7.75
07.Jul.23,7.75
10.Jul.23,7.75
11.Jul.23,7.75
12.Jul.23,7.75
13.Jul.23,7.75
14.Jul.23,7.75
17.Jul.23,7.75
18.Jul.23,7.75
19.Jul.23,7.75
20.Jul.23,7.75
21.Jul.23,7.75
24.Jul.23,7.75
25.Jul.23,7.75
26.Jul.23,7.75
27.Jul.23,7.75
28.Jul.23,n.d.
31.Jul.23,7.75
01.Ago.23,7.75
02.Ago.23,7.75
03.Ago.23,7.75
04.Ago.23,7.75
07.Ago.23,7.75
08.Ago.23,7.75
09.Ago.23,7.75
10.Ago.23,7.75
11.Ago.23,7.75
14.Ago.23,7.75
15.Ago.23,7.75
16.Ago.23,7.75
17.Ago.23,7.75
18.Ago.23,7.75
21.Ago.23,7.75
22.Ago.23,7.75
23.Ago.23,7.75
24.Ago.23,7.75
25.Ago.23,7.75
28.Ago.23,7.75
29.Ago.23,7.75
30.Ago.23,n.d.
31.Ago.23,7.75
01.Set.23,7.75
04.Set.23,7.75
05.Set.23,7.75
06.Set.23,7.75
07.Set.23,7.75
08.Set.23,7.75
11.Set.23,7.75
12.Set.23,7.75
13.Set.23,7.75
14.Set.23,7.75
15.Set.23,7.5
18.Set.23,7.5
19.Set.23,7.5
20.Set.23,7.5
21.Set.23,7.5
22.Set.23,7.5
25.Set.23,7.5
26.Set.23,7.5
27.Set.23,7.5
28.Set.23,7.5
29.Set.23,7.5
02.Oct.23,7.5
03.Oct.23,7.5
04.Oct.23,7.5
05.Oct.23,7.5
06.Oct.23,7.25
09.Oct.23,7.25
10.Oct.23,7.25
11.Oct.23,7.25
12.Oct.23,7.25
13.Oct.23,7.25
16.Oct.23,7.25
17.Oct.23,7.25
18.Oct.23,7.25
19.Oct.23,7.25
20.Oct.23,7.25
23.Oct.23,7.25
24.Oct.23,7.25
25.Oct.23,7.25
26.Oct.23,7.25
27.Oct.23,7.25
30.Oct.23,7.25
31.Oct.23,7.25
01.Nov.23,n.d.
02.Nov.23,7.25
03.Nov.23,7.25
06.Nov.23,7.25
07.Nov.23,7.25
08.Nov.23,7.25
09.Nov.23,7.25
10.Nov.23,7
13.Nov.23,7
14.Nov.23,7
15.Nov.23,7
16.Nov.23,7
17.Nov.23,7
20.Nov.23,7
21.Nov.23,7
22.Nov.23,7
23.Nov.23,7
24.Nov.23,7
27.Nov.23,7
28.Nov.23,7
29.Nov.23,7
30.Nov.23,7
01.Dic.23,7
04.Dic.23,7
05.Dic.23,7
06.Dic.23,7
07.Dic.23,7
08.Dic.23,n.d.
11.Dic.23,7
12.Dic.23,7
13.Dic.23,7
14.Dic.23,7
15.Dic.23,6.75
18.Dic.23,6.75
19.Dic.23,6.75
20.Dic.23,6.75
21.Dic.23,6.75
22.Dic.23,6.75
25.Dic.23,n.d.
26.Dic.23,6.75
27.Dic.23,6.75
28.Dic.23,6.75
29.Dic.23,6.75
01.Ene.24,n.d.
02.Ene.24,n.d.
03.Ene.24,6.75
04.Ene.24,6.75
05.Ene.24,6.75
08.Ene.24,6.75
09.Ene.24,6.75
10.Ene.24,6.75
11.Ene.24,6.75
12.Ene.24,6.5
15.Ene.24,6.5
16.Ene.24,6.5
17.Ene.24,6.5
18.Ene.24,6.5
19.Ene.24,6.5
22.Ene.24,6.5
23.Ene.24,6.5
24.Ene.24,6.5
25.Ene.24,6.5
26.Ene.24,6.5
29.Ene.24,6.5
30.Ene.24,6.5
31.Ene.24,6.5
01.Feb.24,6.5
02.Feb.24,6.5
05.Feb.24,6.5
06.Feb.24,6.5
07.Feb.24,6.5
08.Feb.24,6.5
09.Feb.24,6.25
12.Feb.24,6.25
13.Feb.24,6.25
14.Feb.24,6.25
15.Feb.24,6.25
16.Feb.24,6.25
19.Feb.24,6.25
20.Feb.24,6.25
21.Feb.24,6.25
22.Feb.24,6.25
23.Feb.24,6.25
26.Feb.24,6.25
27.Feb.24,6.25
28.Feb.24,6.25
29.Feb.24,6.25
01.Mar.24,6.25
04.Mar.24,6.25
05.Mar.24,6.25
06.Mar.24,6.25
07.Mar.24,6.25
08.Mar.24,6.25
11.Mar.24,6.25
12.Mar.24,6.25
13.Mar.24,6.25
14.Mar.24,6.25
15.Mar.24,6.25
18.Mar.24,6.25
19.Mar.24,6.25
20.Mar.24,6.25
21.Mar.24,6.25
22.Mar.24,6.25
25.Mar.24,6.25
26.Mar.24,6.25
27.Mar.24,6.25
28.Mar.24,n.d.
29.Mar.24,n.d.
01.Abr.24,6.25
02.Abr.24,6.25
03.Abr.24,6.25
04.Abr.24,6.25
05.Abr.24,6.25
08.Abr.24,6.25
09.Abr.24,6.25
10.Abr.24,6.25
11.Abr.24,6.25
12.Abr.24,6
15.Abr.24,6
16.Abr.24,6
17.Abr.24,6
18.Abr.24,6
19.Abr.24,6
22.Abr.24,6
23.Abr.24,6
24.Abr.24,6
25.Abr.24,6
26.Abr.24,6
29.Abr.24,6
30.Abr.24,6
01.May.24,n.d.
02.May.24,6
03.May.24,6
06.May.24,6
07.May.24,6
08.May.24,6
09.May.24,6
10.May.24,5.75
13.May.24,5.75
14.May.24,5.75
15.May.24,5.75
16.May.24,5.75
17.May.24,5.75
20.May.24,5.75
21.May.24,5.75
22.May.24,5.75
23.May.24,5.75
24.May.24,5.75
27.May.24,5.75
28.May.24,5.75
29.May.24,5.75
30.May.24,5.75
31.May.24,5.75
03.Jun.24,5.75
04.Jun.24,5.75
05.Jun.24,5.75
06.Jun.24,5.75
07.Jun.24,n.d.
10.Jun.24,5.75
11.Jun.24,5.75
12.Jun.24,5.75
13.Jun.24,5.75
14.Jun.24,5.75
17.Jun.24,5.75
18.Jun.24,5.75
19.Jun.24,5.75
20.Jun.24,5.75
21.Jun.24,5.75
24.Jun.24,5.75
25.Jun.24,5.75
26.Jun.24,5.75
27.Jun.24,5.75
28.Jun.24,5.75
01.Jul.24,5.75
02.Jul.24,5.75
03.Jul.24,5.75
04.Jul.24,5.75
05.Jul.24,5.75
08.Jul.24,5.75
09.Jul.24,5.75
10.Jul.24,5.75
11.Jul.24,5.75
12.Jul.24,5.75
15.Jul.24,5.75
16.Jul.24,5.75
17.Jul.24,5.75
18.Jul.24,5.75
19.Jul.24,5.75
22.Jul.24,5.75
23.Jul.24,n.d.
24.Jul.24,5.75
25.Jul.24,5.75
26.Jul.24,n.d.
29.Jul.24,n.d.
30.Jul.24,5.75
31.Jul.24,5.75
01.Ago.24,5.75
02.Ago.24,5.75
05.Ago.24,5.75
06.Ago.24,n.d.
07.Ago.24,5.75
08.Ago.24,5.75
09.Ago.24,5.5
12.Ago.24,5.5
13.Ago.24,5.5
14.Ago.24,5.5
15.Ago.24,5.5
16.Ago.24,5.5
19.Ago.24,5.5
20.Ago.24,5.5
21.Ago.24,5.5
22.Ago.24,5.5
23.Ago.24,5.5
26.Ago.24,5.5
27.Ago.24,5.5
28.Ago.24,5.5
29.Ago.24,5.5
30.Ago.24,n.d.
02.Set.24,5.5
03.Set.24,5.5
04.Set.24,5.5
05.Set.24,5.5
06.Set.24,5.5
09.Set.24,5.5
10.Set.24,5.5
11.Set.24,5.5
12.Set.24,5.5
13.Set.24,5.25
16.Set.24,5.25
17.Set.24,5.25
18.Set.24,5.25
19.Set.24,5.25
20.Set.24,5.25
23.Set.24,5.25
24.Set.24,5.25
25.Set.24,5.25
26.Set.24,5.25
27.Set.24,5.25
30.Set.24,5.25
01.Oct.24,5.25
02.Oct.24,5.25
03.Oct.24,5.25
04.Oct.24,5.25
07.Oct.24,5.25
08.Oct.24,n.d.
09.Oct.24,5.25
10.Oct.24,5.25
11.Oct.24,5.25
14.Oct.24,5.25
15.Oct.24,5.25
16.Oct.24,5.25
17.Oct.24,5.25
18.Oct.24,5.25
21.Oct.24,5.25
22.Oct.24,5.25
23.Oct.24,5.25
24.Oct.24,5.25
25.Oct.24,5.25
28.Oct.24,5.25
29.Oct.24,5.25
30.Oct.24,5.25
31.Oct.24,5.25
01.Nov.24,n.d.
04.Nov.24,5.25
05.Nov.24,5.25
06.Nov.24,5.25
07.Nov.24,5.25
08.Nov.24,5
11.Nov.24,5
12.Nov.24,5
13.Nov.24,5
14.Nov.24,5
15.Nov.24,5
18.Nov.24,5
19.Nov.24,5
20.Nov.24,5
21.Nov.24,5
22.Nov.24,5
25.Nov.24,5
26.Nov.24,5
27.Nov.24,5
28.Nov.24,5
29.Nov.24,5
02.Dic.24,5
03.Dic.24,5
04.Dic.24,5
05.Dic.24,5
06.Dic.24,5
09.Dic.24,n.d.
10.Dic.24,5
11.Dic.24,5
12.Dic.24,5
13.Dic.24,5
16.Dic.24,5
17.Dic.24,5
18.Dic.24,5
19.Dic.24,5
20.Dic.24,5
23.Dic.24,5
24.Dic.24,5
25.Dic.24,n.d.
26.Dic.24,5
27.Dic.24,5
30.Dic.24,5
31.Dic.24,n.d.
01.Ene.25,n.d.
02.Ene.25,5
03.Ene.25,5
06.Ene.25,5
07.Ene.25,5
08.Ene.25,5
09.Ene.25,5
10.Ene.25,4.75
13.Ene.25,4.75
14.Ene.25,4.75
15.Ene.25,4.75
16.Ene.25,4.75
17.Ene.25,4.75
20.Ene.25,4.75
21.Ene.25,4.75
22.Ene.25,4.75
23.Ene.25,4.75
24.Ene.25,4.75
27.Ene.25,4.75
28.Ene.25,4.75
29.Ene.25,4.75
30.Ene.25,4.75
31.Ene.25,4.75
03.Feb.25,4.75
04.Feb.25,4.75
05.Feb.25,4.75
06.Feb.25,4.75
07.Feb.25,4.75
10.Feb.25,4.75
11.Feb.25,4.75
12.Feb.25,4.75
13.Feb.25,4.75
14.Feb.25,4.75
17.Feb.25,4.75
18.Feb.25,4.75
19.Feb.25,4.75
20.Feb.25,4.75
21.Feb.25,4.75
24.Feb.25,4.75
25.Feb.25,4.75
26.Feb.25,4.75
27.Feb.25,4.75
28.Feb.25,4.75
03.Mar.25,4.75
04.Mar.25,4.75
05.Mar.25,4.75
06.Mar.25,4.75
07.Mar.25,4.75
10.Mar.25,4.75
11.Mar.25,4.75
12.Mar.25,4.75
13.Mar.25,4.75
14.Mar.25,4.75
17.Mar.25,4.75
18.Mar.25,4.75
19.Mar.25,4.75
20.Mar.25,4.75
21.Mar.25,4.75
24.Mar.25,4.75
25.Mar.25,4.75
26.Mar.25,4.75
27.Mar.25,4.75
28.Mar.25,4.75
31.Mar.25,4.75
01.Abr.25,4.75
02.Abr.25,4.75
03.Abr.25,4.75
04.Abr.25,4.75
07.Abr.25,4.75
08.Abr.25,4.75
09.Abr.25,4.75
10.Abr.25,4.75
11.Abr.25,4.75
14.Abr.25,4.75
15.Abr.25,4.75
16.Abr.25,4.75
17.Abr.25,n.d.
18.Abr.25,n.d.
21.Abr.25,4.75
22.Abr.25,4.75
23.Abr.25,4.75
24.Abr.25,4.75
25.Abr.25,4.75
28.Abr.25,4.75
29.Abr.25,4.75
30.Abr.25,4.75
01.May.25,n.d.
02.May.25,4.75
05.May.25,4.75
06.May.25,4.75
07.May.25,4.75
08.May.25,4.75
09.May.25,4.5
12.May.25,4.5
13.May.25,4.5
14.May.25,4.5
15.May.25,4.5
16.May.25,4.5
19.May.25,4.5
20.May.25,4.5
21.May.25,4.5
22.May.25,4.5
23.May.25,4.5
26.May.25,4.5
27.May.25,4.5
28.May.25,4.5
29.May.25,4.5
30.May.25,4.5
02.Jun.25,4.5
03.Jun.25,4.5
04.Jun.25,4.5
05.Jun.25,4.5
06.Jun.25,4.5
09.Jun.25,4.5
10.Jun.25,4.5
11.Jun.25,4.5
12.Jun.25,4.5
13.Jun.25,4.5
16.Jun.25,4.5
17.Jun.25,4.5
18.Jun.25,4.5
19.Jun.25,4.5
20.Jun.25,4.5
23.Jun.25,4.5
24.Jun.25,4.5
25.Jun.25,4.5
26.Jun.25,4.5
27.Jun.25,4.5
30.Jun.25,4.5
01.Jul.25,4.5
02.Jul.25,4.5
03.Jul.25,4.5
04.Jul.25,4.5
07.Jul.25,4.5
08.Jul.25,4.5
09.Jul.25,4.5
10.Jul.25,4.5
11.Jul.25,4.5
14.Jul.25,4.5
15.Jul.25,4.5
16.Jul.25,4.5
17.Jul.25,4.5
18.Jul.25,4.5
21.Jul.25,4.5
22.Jul.25,4.5
23.Jul.25,n.d.
24.Jul.25,4.5
25.Jul.25,4.5
28.Jul.25,n.d.
29.Jul.25,n.d.
30.Jul.25,4.5
31.Jul.25,4.5
01.Ago.25,4.5
04.Ago.25,4.5
05.Ago.25,4.5
06.Ago.25,n.d.
07.Ago.25,4.5
08.Ago.25,4.5
11.Ago.25,4.5
12.Ago.25,4.5
13.Ago.25,4.5
14.Ago.25,4.5
15.Ago.25,4.5
18.Ago.25,4.5
19.Ago.25,4.5
20.Ago.25,4.5
21.Ago.25,4.5
22.Ago.25,4.5
25.Ago.25,4.5
26.Ago.25,4.5
27.Ago.25,4.5
28.Ago.25,4.5
29.Ago.25,4.5
01.Set.25,4.5
02.Set.25,4.5
03.Set.25,4.5
04.Set.25,4.5
05.Set.25,4.5
08.Set.25,4.5
09.Set.25,4.5
10.Set.25,4.5
11.Set.25,4.5
12.Set.25,4.25
15.Set.25,4.25
16.Set.25,4.25
17.Set.25,4.25
18.Set.25,4.25
19.Set.25,4.25
22.Set.25,4.25
23.Set.25,4.25
24.Set.25,4.25
25.Set.25,4.25
26.Set.25,4.25
29.Set.25,4.25
30.Set.25,4.25
01.Oct.25,4.25
02.Oct.25,4.25
03.Oct.25,4.25
06.Oct.25,4.25
07.Oct.25,4.25
08.Oct.25,n.d.
09.Oct.25,4.25
10.Oct.25,4.25
13.Oct.25,4.25
14.Oct.25,4.25
15.Oct.25,4.25
16.Oct.25,4.25
17.Oct.25,4.25
20.Oct.25,4.25
21.Oct.25,4.25
22.Oct.25,4.25
23.Oct.25,4.25
24.Oct.25,4.25
27.Oct.25,4.25
28.Oct.25,4.25
29.Oct.25,4.25
30.Oct.25,4.25
31.Oct.25,4.25
03.Nov.25,4.25
04.Nov.25,4.25
05.Nov.25,4.25
06.Nov.25,4.25
07.Nov.25,4.25
10.Nov.25,4.25
11.Nov.25,4.25
12.Nov.25,4.25
13.Nov.25,4.25
14.Nov.25,4.25
17.Nov.25,4.25
18.Nov.25,4.25
19.Nov.25,4.25
20.Nov.25,4.25
21.Nov.25,4.25
24.Nov.25,4.25
25.Nov.25,4.25
26.Nov.25,4.25
27.Nov.25,4.25
28.Nov.25,4.25
01.Dic.25,4.25
02.Dic.25,4.25
03.Dic.25,4.25
04.Dic.25,4.25
05.Dic.25,4.25
08.Dic.25,n.d.
09.Dic.25,n.d.
10.Dic.25,4.25
11.Dic.25,4.25
12.Dic.25,4.25
15.Dic.25,4.25
16.Dic.25,4.25
17.Dic.25,4.25
18.Dic.25,4.25
19.Dic.25,4.25
22.Dic.25,4.25
23.Dic.25,4.25
24.Dic.25,4.25
25.Dic.25,n.d.
26.Dic.25,n.d.
29.Dic.25,4.25
30.Dic.25,4.25
31.Dic.25,4.25
